[
  {
    "dcr": "DCR-001",
    "description": "DCR 001-ENQ",
    "date_facture": "2022-09-14",
    "date_dcr": "03/05/2019",
    "no_facture": "9001683 Crédit 900",
    "taxe": 0.14,
    "montant_ht": 2640.00,
    "montant_ttc": 2793.00,
    "nlt1": 2640.00,
    "nlt2": null,
    "nlt3": null,
    "nlt4": null
  },
  {
    "dcr": "DCR-001",
    "description": "DCR 001-229-F01 (phased 06/2022)",
    "date_facture": "2022-06-30",
    "date_dcr": "03/05/2019",
    "no_facture": "9002402",
    "taxe": 0.14,
    "montant_ht": 15163.50,
    "montant_ttc": 16913.49,
    "nlt1": 15163.50,
    "nlt2": null,
    "nlt3": null,
    "nlt4": null
  },
  {
    "dcr": "DCR-001",
    "description": "DCR 001-229-F01 (phased 06/2022)",
    "date_facture": "2023-11-30",
    "date_dcr": "03/05/2019",
    "no_facture": "9002702",
    "taxe": 0.14,
    "montant_ht": 15973.05,
    "montant_ttc": 18210.28,
    "nlt1": null,
    "nlt2": 15973.05,
    "nlt3": null,
    "nlt4": null
  },
  {
    "dcr": "DCR-001",
    "description": "DCR 001-230-F01 C-230",
    "date_facture": "2023-08-04",
    "date_dcr": null,
    "no_facture": "9062015",
    "taxe": 0.14,
    "montant_ht": 16041.25,
    "montant_ttc": 18287.03,
    "nlt1": null,
    "nlt2": null,
    "nlt3": 16041.25,
    "nlt4": null
  },
  {
    "dcr": "DCR-004",
    "description": "DCR-004 HEATED SKY PORTS C-230 (phased 06/2022)",
    "date_facture": "2023-06-30",
    "date_dcr": "17/04/2020",
    "no_facture": "9004475",
    "taxe": 0.14,
    "montant_ht": 23400.00,
    "montant_ttc": 23400.00,
    "nlt1": null,
    "nlt2": 23400.00,
    "nlt3": null,
    "nlt4": null
  },
  {
    "dcr": "DCR-004",
    "description": "DCR 004-230-F01 (phased 06/2022)",
    "date_facture": "2022-06-13",
    "date_dcr": "17/04/2020",
    "no_facture": "9004413",
    "taxe": 0.14,
    "montant_ht": 14157.00,
    "montant_ttc": 16168.98,
    "nlt1": 14157.00,
    "nlt2": null,
    "nlt3": null,
    "nlt4": null
  },
  {
    "dcr": "DCR-004",
    "description": "DCR 004-229-F01 (phased 06/2022)",
    "date_facture": "2023-08-10",
    "date_dcr": "17/04/2020",
    "no_facture": "9004413",
    "taxe": 0.14,
    "montant_ht": 13728.00,
    "montant_ttc": 15649.92,
    "nlt1": null,
    "nlt2": 13728.00,
    "nlt3": null,
    "nlt4": null
  },
  {
    "dcr": "DCR-006",
    "description": "DCR 006-231-F01 C-230",
    "date_facture": "2023-07-19",
    "date_dcr": "01/05/2020",
    "no_facture": "9061401",
    "taxe": 0.14,
    "montant_ht": 54910.00,
    "montant_ttc": 54910.00,
    "nlt1": 54910.00,
    "nlt2": null,
    "nlt3": null,
    "nlt4": null
  },
  {
    "dcr": "DCR-006",
    "description": "DCR 006-229-F01 (phased 06/2022)",
    "date_facture": "2023-07-01",
    "date_dcr": "01/05/2020",
    "no_facture": "9003315",
    "taxe": 0.14,
    "montant_ht": 8100.00,
    "montant_ttc": 9315.00,
    "nlt1": 8100.00,
    "nlt2": null,
    "nlt3": null,
    "nlt4": null
  },
  {
    "dcr": "DCR-006",
    "description": "DCR 006-230-F01 (phased X92027)",
    "date_facture": "2023-06-25",
    "date_dcr": "01/05/2020",
    "no_facture": "9003522",
    "taxe": 0.14,
    "montant_ht": 51700.00,
    "montant_ttc": 51736.10,
    "nlt1": 51700.00,
    "nlt2": null,
    "nlt3": null,
    "nlt4": null
  },
  {
    "dcr": "DCR-006",
    "description": "DCR 006-230-F01 (phased 02/2023)",
    "date_facture": "2023-02-26",
    "date_dcr": "01/06/2020",
    "no_facture": "9003522",
    "taxe": 0.14,
    "montant_ht": 49773.00,
    "montant_ttc": 52343.44,
    "nlt1": null,
    "nlt2": null,
    "nlt3": 49773.00,
    "nlt4": null
  },
  {
    "dcr": "DCR-006",
    "description": "DCR 006-230-F01 (phased 06/2023)",
    "date_facture": "2023-06-24",
    "date_dcr": "01/06/2020",
    "no_facture": "9062600",
    "taxe": 0.14,
    "montant_ht": 49773.00,
    "montant_ttc": 49773.00,
    "nlt1": null,
    "nlt2": null,
    "nlt3": null,
    "nlt4": 49773.00
  },
  {
    "dcr": "DCR-007",
    "description": "DCR 007-230a-F01",
    "date_facture": "2023-11-06",
    "date_dcr": "08/04/2020",
    "no_facture": "9004425",
    "taxe": 0.14,
    "montant_ht": 15400.00,
    "montant_ttc": 16705.00,
    "nlt1": 15400.00,
    "nlt2": null,
    "nlt3": null,
    "nlt4": null
  },
  {
    "dcr": "DCR-007",
    "description": "DCR 007-229-F01 (phased 06/2022)",
    "date_facture": "2023-12-01",
    "date_dcr": "08/04/2020",
    "no_facture": "9002041",
    "taxe": 0.14,
    "montant_ht": 27079.0,
    "montant_ttc": 27615.37,
    "nlt1": 27079.0,
    "nlt2": null,
    "nlt3": null,
    "nlt4": null
  },
  {
    "dcr": "DCR-007",
    "description": "DCR 007-229-F01 (phased 06/2022)",
    "date_facture": "2023-11-01",
    "date_dcr": "08/04/2020",
    "no_facture": "9002043",
    "taxe": 0.14,
    "montant_ht": 22789.8,
    "montant_ttc": 22789.80,
    "nlt1": null,
    "nlt2": null,
    "nlt3": 22789.80,
    "nlt4": null
  },
  {
    "dcr": "DCR-008",
    "description": "DCR 008-230-F01 C-230",
    "date_facture": "2023-07-20",
    "date_dcr": "06/04/2020",
    "no_facture": "9063912",
    "taxe": 0.14,
    "montant_ht": 15600.00,
    "montant_ttc": 15600.00,
    "nlt1": 15600.00,
    "nlt2": null,
    "nlt3": null,
    "nlt4": null
  },
  {
    "dcr": "DCR-008",
    "description": "DCR 008-229-F01 (phased 06/2022)",
    "date_facture": "2023-07-20",
    "date_dcr": "06/04/2020",
    "no_facture": "9063215",
    "taxe": 0.14,
    "montant_ht": 57764.00,
    "montant_ttc": 56600.00,
    "nlt1": 57764.00,
    "nlt2": null,
    "nlt3": null,
    "nlt4": null
  },
  {
    "dcr": "DCR-008",
    "description": "DCR 008-229-F01",
    "date_facture": "2023-06-14",
    "date_dcr": "06/04/2020",
    "no_facture": "9006449",
    "taxe": 0.14,
    "montant_ht": 46377.20,
    "montant_ttc": 52145.45,
    "nlt1": null,
    "nlt2": null,
    "nlt3": 46377.20,
    "nlt4": null
  },
  {
    "dcr": "DCR-009",
    "description": "DCR-009-229-F01",
    "date_facture": "2022-06-14",
    "date_dcr": "09/04/2020",
    "no_facture": "9006449",
    "taxe": 0.14,
    "montant_ht": 89705.40,
    "montant_ttc": 102550.16,
    "nlt1": null,
    "nlt2": null,
    "nlt3": 89705.40,
    "nlt4": null
  },
  {
    "dcr": "DCR-009",
    "description": "DCR-009-229-F01",
    "date_facture": "2023-11-06",
    "date_dcr": "09/04/2020",
    "no_facture": "9063006",
    "taxe": 0.14,
    "montant_ht": 93210.40,
    "montant_ttc": 93210.40,
    "nlt1": null,
    "nlt2": 93210.40,
    "nlt3": null,
    "nlt4": null
  },
  {
    "dcr": "DCR-009",
    "description": "DCR 009-230-F01 C-230",
    "date_facture": "2023-07-15",
    "date_dcr": "09/04/2020",
    "no_facture": "9018215",
    "taxe": 0.14,
    "montant_ht": 89705.40,
    "montant_ttc": 89705.40,
    "nlt1": null,
    "nlt2": null,
    "nlt3": null,
    "nlt4": 89705.40
  },
  {
    "dcr": "DCR-011",
    "description": "DCR 011-ENQ-Add cableway to shore power",
    "date_facture": "2023-07-20",
    "date_dcr": "06/04/2020",
    "no_facture": "9006215",
    "taxe": 0.14,
    "montant_ht": 27300.00,
    "montant_ttc": 26465.00,
    "nlt1": 27300.00,
    "nlt2": null,
    "nlt3": null,
    "nlt4": null
  },
  {
    "dcr": "DCR-011",
    "description": "DCR 011-229-F01 (phased 06/2022)",
    "date_facture": "2022-06-30",
    "date_dcr": "06/04/2020",
    "no_facture": "9024315",
    "taxe": 0.14,
    "montant_ht": 15778.30,
    "montant_ttc": 16071.25,
    "nlt1": 15778.30,
    "nlt2": null,
    "nlt3": null,
    "nlt4": null
  },
  {
    "dcr": "DCR-013",
    "description": "DCR 013-229-F03 (phased 06/2022)",
    "date_facture": "2023-06-13",
    "date_dcr": "27/11/2019",
    "no_facture": "9024315",
    "taxe": 0.14,
    "montant_ht": 15639.20,
    "montant_ttc": 14393.91,
    "nlt1": 15639.20,
    "nlt2": null,
    "nlt3": null,
    "nlt4": null
  },
  {
    "dcr": "DCR-013",
    "description": "DCR 013-Cabinets in Z-Drive Power C-230",
    "date_facture": "2023-07-15",
    "date_dcr": "25/12/2019",
    "no_facture": "9013137",
    "taxe": 0.14,
    "montant_ht": 14301.10,
    "montant_ttc": 16731.00,
    "nlt1": 14301.10,
    "nlt2": null,
    "nlt3": null,
    "nlt4": null
  },
  {
    "dcr": "DCR-013",
    "description": "DCR-013-PO",
    "date_facture": "2023-06-01",
    "date_dcr": "27/11/2019",
    "no_facture": "9000026",
    "taxe": 0.14,
    "montant_ht": 7000.00,
    "montant_ttc": 7260.00,
    "nlt1": 7000.00,
    "nlt2": null,
    "nlt3": null,
    "nlt4": null
  },
  {
    "dcr": "DCR-015",
    "description": "DCR-015 Exterior light fixtures C-230",
    "date_facture": "2023-06-10",
    "date_dcr": "25/11/2019",
    "no_facture": "9061207",
    "taxe": 0.14,
    "montant_ht": 8835.50,
    "montant_ttc": 8835.50,
    "nlt1": 8835.50,
    "nlt2": null,
    "nlt3": null,
    "nlt4": null
  },
  {
    "dcr": "DCR-016",
    "description": "DCR 016-229",
    "date_facture": "2022-06-30",
    "date_dcr": "26/11/2019",
    "no_facture": "9064372",
    "taxe": 0.14,
    "montant_ht": 18900.00,
    "montant_ttc": 19193.23,
    "nlt1": 18900.00,
    "nlt2": null,
    "nlt3": null,
    "nlt4": null
  },
  {
    "dcr": "DCR-016",
    "description": "DCR 016-229 (phased 06/2022)",
    "date_facture": "2023-06-24",
    "date_dcr": "26/11/2019",
    "no_facture": "9024315",
    "taxe": 0.14,
    "montant_ht": 26191.12,
    "montant_ttc": 26191.12,
    "nlt1": null,
    "nlt2": 26191.12,
    "nlt3": null,
    "nlt4": null
  },
  {
    "dcr": "DCR-017",
    "description": "DCR 017-ENQ",
    "date_facture": "2022-09-14",
    "date_dcr": "26/11/2019",
    "no_facture": "9013046",
    "taxe": 0.14,
    "montant_ht": 16360.00,
    "montant_ttc": 16360.00,
    "nlt1": 16360.00,
    "nlt2": null,
    "nlt3": null,
    "nlt4": null
  },
  {
    "dcr": "DCR-019",
    "description": "DCR 019-COVID capability",
    "date_facture": "2022-08-17",
    "date_dcr": "01/03/2019",
    "no_facture": "9013106",
    "taxe": 0.14,
    "montant_ht": 14710.00,
    "montant_ttc": 16506.10,
    "nlt1": 14710.00,
    "nlt2": null,
    "nlt3": null,
    "nlt4": null
  },
  {
    "dcr": "DCR-027",
    "description": "DCR 027-ENQ",
    "date_facture": "2022-07-03",
    "date_dcr": "03/12/2019",
    "no_facture": "9007062",
    "taxe": 0.14,
    "montant_ht": 14770.00,
    "montant_ttc": 15528.80,
    "nlt1": 14770.00,
    "nlt2": null,
    "nlt3": null,
    "nlt4": null
  },
  {
    "dcr": "DCR-027",
    "description": "DCR 027-229",
    "date_facture": "2022-07-03",
    "date_dcr": "03/12/2019",
    "no_facture": "9007062",
    "taxe": 0.14,
    "montant_ht": 44676.18,
    "montant_ttc": 46308.85,
    "nlt1": 44676.18,
    "nlt2": null,
    "nlt3": null,
    "nlt4": null
  },
  {
    "dcr": "DCR-028",
    "description": "DCR-028-Winches Upgrade-C-230",
    "date_facture": "2023-06-13",
    "date_dcr": "2023-06-19",
    "no_facture": "9062314",
    "taxe": 0.14,
    "montant_ht": 636071.10,
    "montant_ttc": 1021521.05,
    "nlt1": null,
    "nlt2": 504147.28,
    "nlt3": null,
    "nlt4": null
  },
  {
    "dcr": "DCR-028",
    "description": "DCR-028-Winches Upgrade-C-231",
    "date_facture": "2023-06-13",
    "date_dcr": "2023-06-19",
    "no_facture": "9062314",
    "taxe": 0.14,
    "montant_ht": 573913.40,
    "montant_ttc": 654147.28,
    "nlt1": null,
    "nlt2": null,
    "nlt3": null,
    "nlt4": 573913.40
  },
  {
    "dcr": "DCR-032",
    "description": "DCR 032-Modification of Chart Table C-231",
    "date_facture": "2023-11-25",
    "date_dcr": null,
    "no_facture": "9062600",
    "taxe": 0.14,
    "montant_ht": 7112.97,
    "montant_ttc": 7112.97,
    "nlt1": null,
    "nlt2": null,
    "nlt3": null,
    "nlt4": 7112.97
  },
  {
    "dcr": "DCR-033",
    "description": "DCR 033-Bilge wells in UBC-C-231",
    "date_facture": "2023-08-19",
    "date_dcr": null,
    "no_facture": "9062443",
    "taxe": 0.14,
    "montant_ht": 13176.00,
    "montant_ttc": 13176.00,
    "nlt1": 13176.00,
    "nlt2": null,
    "nlt3": null,
    "nlt4": null
  },
  {
    "dcr": "DCR-034",
    "description": "DCR 034-Change Hatch in U7-C-230",
    "date_facture": "2023-07-12",
    "date_dcr": null,
    "no_facture": "9061213",
    "taxe": 0.14,
    "montant_ht": 32930.91,
    "montant_ttc": 32964.04,
    "nlt1": null,
    "nlt2": null,
    "nlt3": 32930.91,
    "nlt4": null
  },
  {
    "dcr": "DCR-034",
    "description": "DCR 034-Change Hatch in U7-C-231",
    "date_facture": "2023-07-21",
    "date_dcr": null,
    "no_facture": "9061213",
    "taxe": 0.14,
    "montant_ht": 14821.24,
    "montant_ttc": 15241.41,
    "nlt1": null,
    "nlt2": null,
    "nlt3": null,
    "nlt4": 14821.24
  },
  {
    "dcr": "DCR-035",
    "description": "DCR 035-Compass sonde",
    "date_facture": "2023-06-25",
    "date_dcr": null,
    "no_facture": "9062522",
    "taxe": 0.14,
    "montant_ht": 7194.59,
    "montant_ttc": 7353.83,
    "nlt1": null,
    "nlt2": null,
    "nlt3": 7194.59,
    "nlt4": null
  },
  {
    "dcr": "DCR-036",
    "description": "DCR 036-ECDIS Battery back-up C-C230",
    "date_facture": "2023-10-16",
    "date_dcr": null,
    "no_facture": "9061370",
    "taxe": 0.14,
    "montant_ht": 8562.64,
    "montant_ttc": 8562.64,
    "nlt1": null,
    "nlt2": null,
    "nlt3": null,
    "nlt4": 8562.64
  },
  {
    "dcr": "DCR-037",
    "description": "DCR 037-Fender modification C-231",
    "date_facture": "2023-07-21",
    "date_dcr": "26/11/2019",
    "no_facture": "9062434",
    "taxe": 0.14,
    "montant_ht": 7903.00,
    "montant_ttc": 10705.69,
    "nlt1": null,
    "nlt2": null,
    "nlt3": 7903.00,
    "nlt4": null
  },
  {
    "dcr": "DCR-038",
    "description": "DCR 38-Change of Shelves C-231",
    "date_facture": "2023-11-25",
    "date_dcr": "26/11/2019",
    "no_facture": "9062527",
    "taxe": 0.14,
    "montant_ht": 8155.00,
    "montant_ttc": 8525.00,
    "nlt1": null,
    "nlt2": null,
    "nlt3": 8155.00,
    "nlt4": null
  },
  {
    "dcr": "DCR-039",
    "description": "DCR 39-Additional charger C-231",
    "date_facture": "2023-07-21",
    "date_dcr": "26/11/2019",
    "no_facture": "9062418",
    "taxe": 0.14,
    "montant_ht": 34449.69,
    "montant_ttc": 35525.65,
    "nlt1": null,
    "nlt2": null,
    "nlt3": 34449.69,
    "nlt4": null
  },
  {
    "dcr": "DCR-020",
    "description": "COVID- 229- 229 result buittotle no reWR eu 2020",
    "date_facture": "2020-11-16",
    "date_dcr": null,
    "no_facture": "9001294",
    "taxe": 0.14,
    "montant_ht": 0,
    "montant_ttc": 0,
    "nlt1": null,
    "nlt2": null,
    "nlt3": null,
    "nlt4": null
  },
  {
    "dcr": "DCR-019",
    "description": "Période de 18 novembre au 31 mars 2021",
    "date_facture": "2022-03-31",
    "date_dcr": "2021-03-31",
    "no_facture": "9001294",
    "taxe": 0.14,
    "montant_ht": 121100.86,
    "montant_ttc": 121138.63,
    "nlt1": null,
    "nlt2": null,
    "nlt3": null,
    "nlt4": null
  },
  {
    "dcr": "DCR-019",
    "description": "Période Janvier 2022",
    "date_facture": "2022-01-31",
    "date_dcr": "2022-01-31",
    "no_facture": "9001294",
    "taxe": 0.14,
    "montant_ht": 406162.01,
    "montant_ttc": 403708.61,
    "nlt1": null,
    "nlt2": null,
    "nlt3": null,
    "nlt4": null
  },
  {
    "dcr": "DCR-019",
    "description": "Période Avril 2022",
    "date_facture": "2022-04-15",
    "date_dcr": "2022-04-15",
    "no_facture": "9001418",
    "taxe": 0.14,
    "montant_ht": 61091.17,
    "montant_ttc": 64393.13,
    "nlt1": null,
    "nlt2": null,
    "nlt3": null,
    "nlt4": null
  },
  {
    "dcr": "DCR-019",
    "description": "Période Avril 2022",
    "date_facture": "2022-04-15",
    "date_dcr": "2022-04-15",
    "no_facture": "9001418",
    "taxe": 0.14,
    "montant_ht": 14849.20,
    "montant_ttc": 14393.24,
    "nlt1": null,
    "nlt2": null,
    "nlt3": null,
    "nlt4": null
  },
  {
    "dcr": "DCR-020",
    "description": "DCR 020 Sub-Contractors 2,189,600 Avril Assistance 183822 (Framed X0)",
    "date_facture": "2022-01-26",
    "date_dcr": "2020-01-26",
    "no_facture": "9001520",
    "taxe": 0.14,
    "montant_ht": 51236.03,
    "montant_ttc": 60136.43,
    "nlt1": null,
    "nlt2": null,
    "nlt3": null,
    "nlt4": null
  },
  {
    "dcr": "DCR-020",
    "description": "Avri's pm",
    "date_facture": "2022-03-20",
    "date_dcr": "2022-03-20",
    "no_facture": "9004432",
    "taxe": 0.14,
    "montant_ht": 1452130.84,
    "montant_ttc": 1557429.34,
    "nlt1": null,
    "nlt2": null,
    "nlt3": null,
    "nlt4": null
  },
  {
    "dcr": "DCR-022",
    "description": "Heavy Lift to Esquimalt C-229",
    "date_facture": "2022-01-19",
    "date_dcr": "2022-01-19",
    "no_facture": "9001614",
    "taxe": 0.14,
    "montant_ht": 534911.77,
    "montant_ttc": 605134.62,
    "nlt1": null,
    "nlt2": null,
    "nlt3": null,
    "nlt4": null
  },
  {
    "dcr": "DCR-025",
    "description": "DCR 025-229 (phased 06/2022)",
    "date_facture": "2022-06-02",
    "date_dcr": "01/05/2020",
    "no_facture": "9003405",
    "taxe": 0.14,
    "montant_ht": 103501.66,
    "montant_ttc": 103616.14,
    "nlt1": 103501.66,
    "nlt2": null,
    "nlt3": null,
    "nlt4": null
  },
  {
    "dcr": "DCR-025",
    "description": "DCR 025-229 (phased 06/2022)",
    "date_facture": "2022-06-02",
    "date_dcr": "01/05/2020",
    "no_facture": "9006405",
    "taxe": 0.14,
    "montant_ht": 95998.34,
    "montant_ttc": 100236.12,
    "nlt1": null,
    "nlt2": 95998.34,
    "nlt3": null,
    "nlt4": null
  },
  {
    "dcr": "DCR-025",
    "description": "DCR 025-230 (phased 06/2022)",
    "date_facture": "2023-06-02",
    "date_dcr": "01/05/2020",
    "no_facture": "9062522",
    "taxe": 0.14,
    "montant_ht": 95998.34,
    "montant_ttc": 11932.00,
    "nlt1": null,
    "nlt2": null,
    "nlt3": 95998.34,
    "nlt4": null
  },
  {
    "dcr": "DCR-027",
    "description": "DCR 027-229-F01 (phased 06/2022)",
    "date_facture": "2023-07-06",
    "date_dcr": "03/04/2020",
    "no_facture": "9003006",
    "taxe": 0.14,
    "montant_ht": 43210.40,
    "montant_ttc": 43210.40,
    "nlt1": null,
    "nlt2": 43210.40,
    "nlt3": null,
    "nlt4": null
  },
  {
    "dcr": "DCR-027",
    "description": "DCR 027-Treated air compressor 2-Diving-C-230",
    "date_facture": "2023-07-15",
    "date_dcr": "2023-07-15",
    "no_facture": "9013139",
    "taxe": 0.14,
    "montant_ht": 40360.13,
    "montant_ttc": 40360.13,
    "nlt1": null,
    "nlt2": null,
    "nlt3": 40360.13,
    "nlt4": null
  },
  {
    "dcr": "DCR-032",
    "description": "DCR 032-Modification of Chart Table C-C231",
    "date_facture": "2024-10-31",
    "date_dcr": null,
    "no_facture": "9051530",
    "taxe": 0.14,
    "montant_ht": 7112.37,
    "montant_ttc": 7400.42,
    "nlt1": null,
    "nlt2": null,
    "nlt3": 7112.37,
    "nlt4": null
  },
  {
    "dcr": "DCR-031",
    "description": "DCR 031-Fender modification C-230",
    "date_facture": "2023-05-06",
    "date_dcr": null,
    "no_facture": "9057592",
    "taxe": 0.14,
    "montant_ht": 7903.00,
    "montant_ttc": 9004.42,
    "nlt1": null,
    "nlt2": null,
    "nlt3": null,
    "nlt4": null
  },
  {
    "dcr": "DCR-034",
    "description": "DCR 34-Change of Shelves C-230",
    "date_facture": "2024-10-28",
    "date_dcr": null,
    "no_facture": "9052455",
    "taxe": 0.14,
    "montant_ht": 8160.00,
    "montant_ttc": 8240.70,
    "nlt1": null,
    "nlt2": null,
    "nlt3": null,
    "nlt4": null
  },
  {
    "dcr": "DCR-025",
    "description": "DCR 025-ECDIS Battery back-up",
    "date_facture": "2023-09-11",
    "date_dcr": null,
    "no_facture": "9061370",
    "taxe": 0.14,
    "montant_ht": 0,
    "montant_ttc": 0,
    "nlt1": null,
    "nlt2": null,
    "nlt3": null,
    "nlt4": null
  },
  {
    "dcr": "DCR-044",
    "description": "DCR 044-230 Top for UB tank",
    "date_facture": "2021-11-25",
    "date_dcr": null,
    "no_facture": "9019336",
    "taxe": 0.14,
    "montant_ht": 1830.00,
    "montant_ttc": 2008.20,
    "nlt1": null,
    "nlt2": null,
    "nlt3": null,
    "nlt4": null
  }
]
