[
  {
    "dcr": "DCR-001",
    "description": "DCR 001-231-F01",
    "date_dcr": "03/12/2019",
    "taxe": 0.14,
    "montant_ht": 15047.30,
    "montant_ttc": 19293.52,
    "nlt1": null,
    "nlt2": null,
    "nlt3": null,
    "nlt4": 15047.30
  },
  {
    "dcr": "DCR-004",
    "description": "DCR 004-231-F01",
    "date_dcr": "17/04/2020",
    "taxe": 0.14,
    "montant_ht": 13763.00,
    "montant_ttc": 15712.62,
    "nlt1": null,
    "nlt2": null,
    "nlt3": null,
    "nlt4": 13763.00
  },
  {
    "dcr": "DCR-006",
    "description": "DCR 006-231-F01",
    "date_dcr": "01/05/2020",
    "taxe": 0.14,
    "montant_ht": 49773.00,
    "montant_ttc": 56741.22,
    "nlt1": null,
    "nlt2": null,
    "nlt3": 49773.00,
    "nlt4": null
  },
  {
    "dcr": "DCR-007",
    "description": "DCR 007-231-F01",
    "date_dcr": "08/04/2020",
    "taxe": 0.14,
    "montant_ht": 22789.80,
    "montant_ttc": 25980.37,
    "nlt1": null,
    "nlt2": null,
    "nlt3": null,
    "nlt4": 22789.80
  },
  {
    "dcr": "DCR-008",
    "description": "DCR 008-231-F01",
    "date_dcr": "06/04/2020",
    "taxe": 0.14,
    "montant_ht": 46377.20,
    "montant_ttc": 52870.01,
    "nlt1": null,
    "nlt2": null,
    "nlt3": 46377.20,
    "nlt4": null
  },
  {
    "dcr": "DCR-009",
    "description": "DCR 009-231-F01",
    "date_dcr": "09/04/2020",
    "taxe": 0.14,
    "montant_ht": 89705.40,
    "montant_ttc": 102284.15,
    "nlt1": null,
    "nlt2": null,
    "nlt3": 89705.40,
    "nlt4": null
  },
  {
    "dcr": "DCR-011",
    "description": "DCR 011-231-F02",
    "date_dcr": "06/04/2020",
    "taxe": 0.14,
    "montant_ht": 13928.10,
    "montant_ttc": 15878.03,
    "nlt1": null,
    "nlt2": null,
    "nlt3": 13928.10,
    "nlt4": null
  },
  {
    "dcr": "DCR-013",
    "description": "DCR 013-231-F03",
    "date_dcr": "27/11/2019",
    "taxe": 0.14,
    "montant_ht": 8042.00,
    "montant_ttc": 9167.88,
    "nlt1": null,
    "nlt2": 8042.00,
    "nlt3": 8042.00,
    "nlt4": null
  },
  {
    "dcr": "DCR-014",
    "description": "DCR 014-231-F04",
    "date_dcr": "26/11/2019",
    "taxe": 0.14,
    "montant_ht": 10922.00,
    "montant_ttc": 12451.08,
    "nlt1": null,
    "nlt2": 30541.88,
    "nlt3": 10922.00,
    "nlt4": null
  },
  {
    "dcr": "DCR-015",
    "description": "DCR 015-231",
    "date_dcr": "09/05/2020",
    "taxe": 0.14,
    "montant_ht": 103501.66,
    "montant_ttc": 117991.89,
    "nlt1": null,
    "nlt2": 46030.55,
    "nlt3": 103501.66,
    "nlt4": null
  },
  {
    "dcr": "DCR-025",
    "description": "DCR 025-231",
    "date_dcr": "01/05/2020",
    "taxe": 0.14,
    "montant_ht": 0.00,
    "montant_ttc": 0.00,
    "nlt1": null,
    "nlt2": null,
    "nlt3": null,
    "nlt4": null
  },
  {
    "dcr": "DCR-027",
    "description": "DCR 027-231",
    "date_dcr": "03/12/2019",
    "taxe": 0.14,
    "montant_ht": 40360.13,
    "montant_ttc": 46010.55,
    "nlt1": null,
    "nlt2": 40360.13,
    "nlt3": 40360.13,
    "nlt4": null
  },
  {
    "dcr": "DCR-028",
    "description": "DCR-028 Winches Upgrade-C-231",
    "date_dcr": "2023-06-19",
    "taxe": 0.14,
    "montant_ht": 636071.10,
    "montant_ttc": 1021521.05,
    "nlt1": null,
    "nlt2": 504147.28,
    "nlt3": null,
    "nlt4": 573913.40
  },
  {
    "dcr": "DCR-029",
    "description": "DCR-029 Winches Upgrade-C-231",
    "date_dcr": "2023-06-19",
    "taxe": 0.14,
    "montant_ht": 573913.40,
    "montant_ttc": 654061.28,
    "nlt1": null,
    "nlt2": null,
    "nlt3": null,
    "nlt4": 573913.40
  },
  {
    "dcr": "DCR-032",
    "description": "DCR 032 Modification of Chart Table L-C231",
    "date_dcr": null,
    "taxe": 0.14,
    "montant_ht": 7112.37,
    "montant_ttc": 8108.73,
    "nlt1": null,
    "nlt2": null,
    "nlt3": 7112.37,
    "nlt4": null
  },
  {
    "dcr": "DCR-033",
    "description": "DCR 033 Bilge Wells in UBC-C231",
    "date_dcr": null,
    "taxe": 0.14,
    "montant_ht": 13176.00,
    "montant_ttc": 15020.64,
    "nlt1": null,
    "nlt2": null,
    "nlt3": 13176.00,
    "nlt4": null
  },
  {
    "dcr": "DCR-034",
    "description": "DCR 034 Change Hatch U7-C231",
    "date_dcr": null,
    "taxe": 0.14,
    "montant_ht": 32930.91,
    "montant_ttc": 32930.91,
    "nlt1": null,
    "nlt2": null,
    "nlt3": 32930.91,
    "nlt4": 14821.24
  },
  {
    "dcr": "DCR-035",
    "description": "DCR 035 Compass Sonde",
    "date_dcr": null,
    "taxe": 0.14,
    "montant_ht": 7194.59,
    "montant_ttc": 8201.83,
    "nlt1": null,
    "nlt2": null,
    "nlt3": 7194.59,
    "nlt4": null
  },
  {
    "dcr": "DCR-036",
    "description": "DCR 036 ECDIS Battery back-up C-C231",
    "date_dcr": null,
    "taxe": 0.14,
    "montant_ht": 7794.53,
    "montant_ttc": 8201.83,
    "nlt1": null,
    "nlt2": null,
    "nlt3": 7194.59,
    "nlt4": null
  },
  {
    "dcr": "DCR-037",
    "description": "DCR 037 Fender modification C-231",
    "date_dcr": null,
    "taxe": 0.14,
    "montant_ht": 2965.00,
    "montant_ttc": 3380.10,
    "nlt1": null,
    "nlt2": null,
    "nlt3": 2965.00,
    "nlt4": null
  },
  {
    "dcr": "DCR-038",
    "description": "DCR 38 Change of Shelves C-231",
    "date_dcr": null,
    "taxe": 0.14,
    "montant_ht": 8155.00,
    "montant_ttc": 9481.70,
    "nlt1": null,
    "nlt2": null,
    "nlt3": 8155.00,
    "nlt4": 7440.00
  },
  {
    "dcr": "DCR-039",
    "description": "DCR 39 Additional charger C-231",
    "date_dcr": null,
    "taxe": 0.14,
    "montant_ht": 34449.69,
    "montant_ttc": 39272.65,
    "nlt1": null,
    "nlt2": null,
    "nlt3": 34449.69,
    "nlt4": 15915.62
  },
  {
    "dcr": "DCR-040",
    "description": "DCR 40 Laptop for remote service C-230 - PENDING",
    "date_dcr": null,
    "taxe": 0.14,
    "montant_ht": 13869.00,
    "montant_ttc": 15810.66,
    "nlt1": 13869.00,
    "nlt2": null,
    "nlt3": null,
    "nlt4": null
  },
  {
    "dcr": "DCR-40",
    "description": "DCR 40 Laptop for remote service C-231 - PENDING",
    "date_dcr": null,
    "taxe": 0.14,
    "montant_ht": 11163.00,
    "montant_ttc": 12725.82,
    "nlt1": null,
    "nlt2": null,
    "nlt3": null,
    "nlt4": 11163.00
  },
  {
    "dcr": "DCR-41",
    "description": "DCR 41 VHF and PA Modification C-230",
    "date_dcr": null,
    "taxe": 0.14,
    "montant_ht": 27986.25,
    "montant_ttc": 31904.13,
    "nlt1": null,
    "nlt2": null,
    "nlt3": 27986.25,
    "nlt4": null
  },
  {
    "dcr": "DCR-41",
    "description": "DCR 41 VHF and PA Modification C-231",
    "date_dcr": null,
    "taxe": 0.14,
    "montant_ht": 17181.33,
    "montant_ttc": 19586.72,
    "nlt1": null,
    "nlt2": null,
    "nlt3": 17181.33,
    "nlt4": null
  },
  {
    "dcr": "DCR-43",
    "description": "DCR 43 New breathing air compressor C-230",
    "date_dcr": "2025-09-09",
    "taxe": 0.14,
    "montant_ht": 74980.83,
    "montant_ttc": 85479.95,
    "nlt1": null,
    "nlt2": null,
    "nlt3": 74980.83,
    "nlt4": null
  },
  {
    "dcr": "DCR-43",
    "description": "DCR 43 New breathing air compressor C-231",
    "date_dcr": "2025-09-09",
    "taxe": 0.14,
    "montant_ht": 38780.26,
    "montant_ttc": 44249.70,
    "nlt1": null,
    "nlt2": null,
    "nlt3": 38780.26,
    "nlt4": null
  },
  {
    "dcr": "DCR-44",
    "description": "DCR 44 New TV Satellite antenna C-230",
    "date_dcr": "2025-08-13",
    "taxe": 0.14,
    "montant_ht": 31365.51,
    "montant_ttc": 35746.68,
    "nlt1": null,
    "nlt2": null,
    "nlt3": 31365.51,
    "nlt4": null
  },
  {
    "dcr": "DCR-45",
    "description": "DCR 45 New antenna C-231",
    "date_dcr": "2025-08-13",
    "taxe": 0.14,
    "montant_ht": 34163.31,
    "montant_ttc": 38946.17,
    "nlt1": null,
    "nlt2": null,
    "nlt3": null,
    "nlt4": 34163.31
  },
  {
    "dcr": "DCR-46",
    "description": "DCR 46 Lab Flush hatch C-231",
    "date_dcr": "2025-06-15",
    "taxe": 0.14,
    "montant_ht": 33784.00,
    "montant_ttc": 38513.76,
    "nlt1": null,
    "nlt2": null,
    "nlt3": null,
    "nlt4": 33784.00
  }
]
