[
  {
    "dcr": "DCR 001",
    "description": "Exterior watertight power receptacles",
    "extra": 2660.0,
    "nlt1": 16163.5,
    "nlt2": 15973.05,
    "nlt3": 16041.25,
    "nlt4": 16047.3
  },
  {
    "dcr": "DCR 004",
    "description": "Heated Sky Ports",
    "extra": 22400.0,
    "nlt1": 14157.0,
    "nlt2": 13728.0,
    "nlt3": 13783.0,
    "nlt4": 13783.0
  },
  {
    "dcr": "DCR 006",
    "description": "Aft Deck Tie-Downs",
    "extra": 9100.0,
    "nlt1": 54970.0,
    "nlt2": 49773.0,
    "nlt3": 49773.0,
    "nlt4": 49773.0
  },
  {
    "dcr": "DCR 007",
    "description": "NERT Locker",
    "extra": 15400.0,
    "nlt1": 27079.0,
    "nlt2": 22789.8,
    "nlt3": 22789.8,
    "nlt4": 22789.8
  },
  {
    "dcr": "DCR 008",
    "description": "Floodable Pyrotechnics Locker",
    "extra": 15600.0,
    "nlt1": 57764.0,
    "nlt2": 46377.2,
    "nlt3": 46377.2,
    "nlt4": 46377.2
  },
  {
    "dcr": "DCR 009",
    "description": "Heating System",
    "extra": 27853.2,
    "nlt1": 97627.6,
    "nlt2": 89214.4,
    "nlt3": 89705.4,
    "nlt4": 89705.4
  },
  {
    "dcr": "DCR 010 (CANCELLED)",
    "description": "Switchboard lamp check switch",
    "extra": null,
    "nlt1": null,
    "nlt2": null,
    "nlt3": null,
    "nlt4": null
  },
  {
    "dcr": "DCR 011",
    "description": "Shore Power",
    "extra": 27300.0,
    "nlt1": 15778.3,
    "nlt2": 13698.2,
    "nlt3": 13928.1,
    "nlt4": 13928.1
  },
  {
    "dcr": "DCR 012",
    "description": "Modification on the \"Major Equipment List\"",
    "extra": null,
    "nlt1": null,
    "nlt2": null,
    "nlt3": null,
    "nlt4": null
  },
  {
    "dcr": "DCR 013",
    "description": "2 storage cabinets in Z-drive cabinets",
    "extra": 7000.0,
    "nlt1": 8835.5,
    "nlt2": 8042.0,
    "nlt3": 8042.0,
    "nlt4": 8042.0
  },
  {
    "dcr": "DCR 014",
    "description": "Laundry equipment in accomodation space",
    "extra": 5180.0,
    "nlt1": 18767.5,
    "nlt2": 16841.5,
    "nlt3": 16841.5,
    "nlt4": 16841.5
  },
  {
    "dcr": "DCR 015",
    "description": "Exterior superstructure light fixture",
    "extra": 3640.0,
    "nlt1": 12310.0,
    "nlt2": 11202.0,
    "nlt3": 10922.0,
    "nlt4": 10922.0
  },
  {
    "dcr": "DCR 016",
    "description": "Deck Crane Winch",
    "extra": 18900.0,
    "nlt1": 28280.32,
    "nlt2": 26791.12,
    "nlt3": 26791.12,
    "nlt4": 26791.12
  },
  {
    "dcr": "DCR 017",
    "description": "Early order of material",
    "extra": 68180.0,
    "nlt1": 134333.66,
    "nlt2": 149958.42,
    "nlt3": null,
    "nlt4": null
  },
  {
    "dcr": "DCR 019 (Apply to NLT 1 & 2) ",
    "description": "COVID Mitigation  718,787.77 of the 750k ceiling claimed",
    "extra": null,
    "nlt1": 0.0,
    "nlt2": 359393.89,
    "nlt3": null,
    "nlt4": null
  },
  {
    "dcr": "DCR 020 (Apply to NLT 1 & 2)",
    "description": "Sub-Contractors $3,505,713.77 of $3,895,237.52 Ceiling claimed",
    "extra": null,
    "nlt1": 0.0,
    "nlt2": 1752856.89,
    "nlt3": null,
    "nlt4": null
  },
  {
    "dcr": "DCR 025",
    "description": "Power Lashing to Submarines ",
    "extra": 18400.0,
    "nlt1": 103501.66,
    "nlt2": 95998.34,
    "nlt3": 95998.34,
    "nlt4": 103501.66
  },
  {
    "dcr": "DCR 027",
    "description": "Grey water treatment capability",
    "extra": 14770.0,
    "nlt1": 44676.18,
    "nlt2": 40360.13,
    "nlt3": 40360.13,
    "nlt4": 40360.13
  },
  {
    "dcr": "DCR-022",
    "description": "Heavy Lift to Esquimalt ($534,977.77 of $1,100,000 ceiling claimed)",
    "extra": null,
    "nlt1": 534977.77,
    "nlt2": 534977.77,
    "nlt3": null,
    "nlt4": null
  },
  {
    "dcr": "DCR-023 (Apply to NLT 1)",
    "description": "TDP Partitioning",
    "extra": null,
    "nlt1": 0.0,
    "nlt2": null,
    "nlt3": null,
    "nlt4": null
  },
  {
    "dcr": "DCR-028",
    "description": "Winch Replacement",
    "extra": null,
    "nlt1": 505961.34,
    "nlt2": 467179.48,
    "nlt3": 896071.1,
    "nlt4": 573813.4
  },
  {
    "dcr": "DCR-032",
    "description": "Modifications of chart table",
    "extra": null,
    "nlt1": null,
    "nlt2": null,
    "nlt3": 10554.4,
    "nlt4": 7112.97
  },
  {
    "dcr": "DCR-033",
    "description": "Chain Locker wells",
    "extra": null,
    "nlt1": null,
    "nlt2": null,
    "nlt3": 16315.1,
    "nlt4": 13176.0
  },
  {
    "dcr": "DCR-034",
    "description": "Flush hatch",
    "extra": null,
    "nlt1": null,
    "nlt2": null,
    "nlt3": 32930.91,
    "nlt4": 14821.24
  },
  {
    "dcr": "DCR-035",
    "description": "Compass Sonde",
    "extra": null,
    "nlt1": null,
    "nlt2": null,
    "nlt3": 7194.59,
    "nlt4": 7194.59
  },
  {
    "dcr": "DCR-036",
    "description": "ECDIS battery back up",
    "extra": null,
    "nlt1": null,
    "nlt2": null,
    "nlt3": 15330.67,
    "nlt4": 8562.64
  },
  {
    "dcr": "DCR-037",
    "description": "Modification of aft fender termincation ",
    "extra": null,
    "nlt1": null,
    "nlt2": null,
    "nlt3": 7903.0,
    "nlt4": 2965.0
  },
  {
    "dcr": "DCR-038",
    "description": "Bosn Store Shelf material",
    "extra": null,
    "nlt1": null,
    "nlt2": null,
    "nlt3": 8155.0,
    "nlt4": 7440.0
  },
  {
    "dcr": "DCR-039",
    "description": "DC102 Redundant Charger",
    "extra": null,
    "nlt1": null,
    "nlt2": null,
    "nlt3": 34449.69,
    "nlt4": 15915.62
  },
  {
    "dcr": "DCR-040",
    "description": "Laptop for remote access",
    "extra": null,
    "nlt1": null,
    "nlt2": null,
    "nlt3": 13869.0,
    "nlt4": 11163.0
  }
]
