{
  "projects": [
    {
      "id": 1,
      "code": "NLT1",
      "label": "NLT1 (auto-import DCRs)",
      "taxProvince": "AB"
    },
    {
      "id": 2,
      "code": "NLT2",
      "label": "NLT2 (auto-import DCRs)",
      "taxProvince": "AB"
    },
    {
      "id": 3,
      "code": "NLT3",
      "label": "NLT3 (auto-import DCRs)",
      "taxProvince": null
    },
    {
      "id": 4,
      "code": "NLT4",
      "label": "NLT4 (auto-import DCRs)",
      "taxProvince": "NS2"
    }
  ],
  "taxes": [
    {
      "id": 1,
      "province": "AB",
      "rate": 0.05
    },
    {
      "id": 2,
      "province": "BC",
      "rate": 0.12
    },
    {
      "id": 3,
      "province": "MB",
      "rate": 0.12
    },
    {
      "id": 4,
      "province": "NB",
      "rate": 0.15
    },
    {
      "id": 5,
      "province": "NL",
      "rate": 0.15
    },
    {
      "id": 7,
      "province": "NS1",
      "rate": 0.15
    },
    {
      "id": 8,
      "province": "NS2",
      "rate": 0.14
    },
    {
      "id": 6,
      "province": "NT",
      "rate": 0.05
    },
    {
      "id": 9,
      "province": "NU",
      "rate": 0.05
    },
    {
      "id": 10,
      "province": "ON",
      "rate": 0.13
    },
    {
      "id": 11,
      "province": "PE",
      "rate": 0.15
    },
    {
      "id": 12,
      "province": "QC",
      "rate": 0.14975
    },
    {
      "id": 13,
      "province": "SK",
      "rate": 0.11
    },
    {
      "id": 14,
      "province": "YT",
      "rate": 0.05
    }
  ],
  "settings": {
    "id": 1,
    "contractHT": 120422509.62,
    "contractTTC": 131906612.35,
    "defaultProvMs": "AB",
    "defaultProvDcr": "AB",
    "defaultProvReserve": "AB",
    "delayAFacturer": 1,
    "delayFacture": 1,
    "delayPaye": 1,
    "delayAFacturerUnit": "months",
    "delayFactureUnit": "months",
    "delayPayeUnit": "months",
    "columnNames": null
  },
  "claims": [
    {
      "id": 81,
      "type": "milestone",
      "step": "#1",
      "invoiceDate": "2019-12-20T00:00:00.000Z",
      "description": "PDR",
      "province": "AB",
      "taxRate": 0.05,
      "amountHT": 439863.6,
      "amountTTC": 461856.78,
      "invoiceNumber": "90052777",
      "status": "Facturé",
      "extraC228": null,
      "extraC229": null,
      "extraC230": null,
      "extraC231": null,
      "extraNLT5": null,
      "extraNLT6": null,
      "projectId": 1,
      "project": {
        "id": 1,
        "code": "NLT1",
        "label": "NLT1 (auto-import DCRs)",
        "taxProvince": "AB"
      }
    },
    {
      "id": 82,
      "type": "milestone",
      "step": "#1",
      "invoiceDate": "2019-12-20T00:00:00.000Z",
      "description": "PDR",
      "province": "AB",
      "taxRate": 0.05,
      "amountHT": 439863.6,
      "amountTTC": 461856.78,
      "invoiceNumber": "90052791",
      "status": "Facturé",
      "extraC228": null,
      "extraC229": null,
      "extraC230": null,
      "extraC231": null,
      "extraNLT5": null,
      "extraNLT6": null,
      "projectId": 2,
      "project": {
        "id": 2,
        "code": "NLT2",
        "label": "NLT2 (auto-import DCRs)",
        "taxProvince": "AB"
      }
    },
    {
      "id": 84,
      "type": "milestone",
      "step": "#1",
      "invoiceDate": "2019-12-20T00:00:00.000Z",
      "description": "PDR",
      "province": "NS1",
      "taxRate": 0.15,
      "amountHT": 439863.61,
      "amountTTC": 505843.1514999999,
      "invoiceNumber": "90052788",
      "status": "Facturé",
      "extraC228": null,
      "extraC229": null,
      "extraC230": null,
      "extraC231": null,
      "extraNLT5": null,
      "extraNLT6": null,
      "projectId": 4,
      "project": {
        "id": 4,
        "code": "NLT4",
        "label": "NLT4 (auto-import DCRs)",
        "taxProvince": "NS2"
      }
    },
    {
      "id": 83,
      "type": "milestone",
      "step": "#1",
      "invoiceDate": "2020-12-20T00:00:00.000Z",
      "description": "PDR",
      "province": "NS1",
      "taxRate": 0.15,
      "amountHT": 439863.61,
      "amountTTC": 505843.1514999999,
      "invoiceNumber": "90052785",
      "status": "Facturé",
      "extraC228": null,
      "extraC229": null,
      "extraC230": null,
      "extraC231": null,
      "extraNLT5": null,
      "extraNLT6": null,
      "projectId": 3,
      "project": {
        "id": 3,
        "code": "NLT3",
        "label": "NLT3 (auto-import DCRs)",
        "taxProvince": null
      }
    },
    {
      "id": 85,
      "type": "milestone",
      "step": "#2",
      "invoiceDate": "2020-05-29T00:00:00.000Z",
      "description": "CDR",
      "province": "AB",
      "taxRate": 0.05,
      "amountHT": 879727.21,
      "amountTTC": 923713.5705,
      "invoiceNumber": "90060207",
      "status": "Facturé",
      "extraC228": null,
      "extraC229": null,
      "extraC230": null,
      "extraC231": null,
      "extraNLT5": null,
      "extraNLT6": null,
      "projectId": 1,
      "project": {
        "id": 1,
        "code": "NLT1",
        "label": "NLT1 (auto-import DCRs)",
        "taxProvince": "AB"
      }
    },
    {
      "id": 86,
      "type": "milestone",
      "step": "#2",
      "invoiceDate": "2020-06-03T00:00:00.000Z",
      "description": "CDR",
      "province": "AB",
      "taxRate": 0.05,
      "amountHT": 879727.21,
      "amountTTC": 923713.5705,
      "invoiceNumber": "90060398",
      "status": "Facturé",
      "extraC228": null,
      "extraC229": null,
      "extraC230": null,
      "extraC231": null,
      "extraNLT5": null,
      "extraNLT6": null,
      "projectId": 2,
      "project": {
        "id": 2,
        "code": "NLT2",
        "label": "NLT2 (auto-import DCRs)",
        "taxProvince": "AB"
      }
    },
    {
      "id": 87,
      "type": "milestone",
      "step": "#2",
      "invoiceDate": "2020-06-03T00:00:00.000Z",
      "description": "CDR",
      "province": "NS1",
      "taxRate": 0.15,
      "amountHT": 879727.21,
      "amountTTC": 923713.5705,
      "invoiceNumber": "90060404",
      "status": "Facturé",
      "extraC228": null,
      "extraC229": null,
      "extraC230": null,
      "extraC231": null,
      "extraNLT5": null,
      "extraNLT6": null,
      "projectId": 3,
      "project": {
        "id": 3,
        "code": "NLT3",
        "label": "NLT3 (auto-import DCRs)",
        "taxProvince": null
      }
    },
    {
      "id": 88,
      "type": "milestone",
      "step": "#2",
      "invoiceDate": "2020-06-03T00:00:00.000Z",
      "description": "CDR",
      "province": "NS1",
      "taxRate": 0.15,
      "amountHT": 879727.21,
      "amountTTC": 923713.5705,
      "invoiceNumber": "90060404",
      "status": "Facturé",
      "extraC228": null,
      "extraC229": null,
      "extraC230": null,
      "extraC231": null,
      "extraNLT5": null,
      "extraNLT6": null,
      "projectId": 4,
      "project": {
        "id": 4,
        "code": "NLT4",
        "label": "NLT4 (auto-import DCRs)",
        "taxProvince": "NS2"
      }
    },
    {
      "id": 389,
      "type": "milestone",
      "step": "#2",
      "invoiceDate": "2020-06-03T00:00:00.000Z",
      "description": "CDR",
      "province": "NS1",
      "taxRate": 0.15,
      "amountHT": 879727.21,
      "amountTTC": 923713.5705,
      "invoiceNumber": "90060404",
      "status": "Facturé",
      "extraC228": null,
      "extraC229": null,
      "extraC230": null,
      "extraC231": null,
      "extraNLT5": null,
      "extraNLT6": null,
      "projectId": null,
      "project": null
    },
    {
      "id": 89,
      "type": "milestone",
      "step": "#3",
      "invoiceDate": "2019-06-04T00:00:00.000Z",
      "description": "Finullcial Security",
      "province": "AB",
      "taxRate": 0.05,
      "amountHT": 131656.25,
      "amountTTC": 138239.0625,
      "invoiceNumber": "90041739",
      "status": "Facturé",
      "extraC228": null,
      "extraC229": null,
      "extraC230": null,
      "extraC231": null,
      "extraNLT5": null,
      "extraNLT6": null,
      "projectId": 1,
      "project": {
        "id": 1,
        "code": "NLT1",
        "label": "NLT1 (auto-import DCRs)",
        "taxProvince": "AB"
      }
    },
    {
      "id": 90,
      "type": "milestone",
      "step": "#3",
      "invoiceDate": "2019-06-04T00:00:00.000Z",
      "description": "Finullcial Security",
      "province": "AB",
      "taxRate": 0.05,
      "amountHT": 131656.25,
      "amountTTC": 138239.0625,
      "invoiceNumber": "90041740",
      "status": "Facturé",
      "extraC228": null,
      "extraC229": null,
      "extraC230": null,
      "extraC231": null,
      "extraNLT5": null,
      "extraNLT6": null,
      "projectId": 2,
      "project": {
        "id": 2,
        "code": "NLT2",
        "label": "NLT2 (auto-import DCRs)",
        "taxProvince": "AB"
      }
    },
    {
      "id": 91,
      "type": "milestone",
      "step": "#3",
      "invoiceDate": "2019-06-04T00:00:00.000Z",
      "description": "Finullcial Security",
      "province": "NS1",
      "taxRate": 0.15,
      "amountHT": 131656.25,
      "amountTTC": 138239.0625,
      "invoiceNumber": "90071741",
      "status": "Facturé",
      "extraC228": null,
      "extraC229": null,
      "extraC230": null,
      "extraC231": null,
      "extraNLT5": null,
      "extraNLT6": null,
      "projectId": 3,
      "project": {
        "id": 3,
        "code": "NLT3",
        "label": "NLT3 (auto-import DCRs)",
        "taxProvince": null
      }
    },
    {
      "id": 92,
      "type": "milestone",
      "step": "#3",
      "invoiceDate": "2019-06-04T00:00:00.000Z",
      "description": "Finullcial Security",
      "province": "NS1",
      "taxRate": 0.15,
      "amountHT": 131656.25,
      "amountTTC": 138239.0625,
      "invoiceNumber": "90071742",
      "status": "Facturé",
      "extraC228": null,
      "extraC229": null,
      "extraC230": null,
      "extraC231": null,
      "extraNLT5": null,
      "extraNLT6": null,
      "projectId": 4,
      "project": {
        "id": 4,
        "code": "NLT4",
        "label": "NLT4 (auto-import DCRs)",
        "taxProvince": "NS2"
      }
    },
    {
      "id": 390,
      "type": "milestone",
      "step": "#3",
      "invoiceDate": "2019-06-04T00:00:00.000Z",
      "description": "Finullcial Security",
      "province": "NS1",
      "taxRate": 0.15,
      "amountHT": 131656.25,
      "amountTTC": 138239.0625,
      "invoiceNumber": "90071742",
      "status": "Facturé",
      "extraC228": null,
      "extraC229": null,
      "extraC230": null,
      "extraC231": null,
      "extraNLT5": null,
      "extraNLT6": null,
      "projectId": null,
      "project": null
    },
    {
      "id": 256,
      "type": "milestone",
      "step": "#9.1b",
      "invoiceDate": "2024-11-13T00:00:00.000Z",
      "description": "Pre-Requisites",
      "province": "AB",
      "taxRate": 0.05,
      "amountHT": 329897.7,
      "amountTTC": 346392.585,
      "invoiceNumber": "90147497",
      "status": "Facturé",
      "extraC228": null,
      "extraC229": null,
      "extraC230": null,
      "extraC231": null,
      "extraNLT5": null,
      "extraNLT6": null,
      "projectId": 1,
      "project": {
        "id": 1,
        "code": "NLT1",
        "label": "NLT1 (auto-import DCRs)",
        "taxProvince": "AB"
      }
    },
    {
      "id": 229,
      "type": "milestone",
      "step": "#9.1c",
      "invoiceDate": "2024-07-24T00:00:00.000Z",
      "description": "Trials Conduct",
      "province": "AB",
      "taxRate": 0.05,
      "amountHT": 1484539.67,
      "amountTTC": 1558766.6535,
      "invoiceNumber": "90140785",
      "status": "Facturé",
      "extraC228": null,
      "extraC229": null,
      "extraC230": null,
      "extraC231": null,
      "extraNLT5": null,
      "extraNLT6": null,
      "projectId": 1,
      "project": {
        "id": 1,
        "code": "NLT1",
        "label": "NLT1 (auto-import DCRs)",
        "taxProvince": "AB"
      }
    },
    {
      "id": 239,
      "type": "milestone",
      "step": "#9.1d",
      "invoiceDate": "2024-03-03T00:00:00.000Z",
      "description": "Trials Report",
      "province": "AB",
      "taxRate": 0.05,
      "amountHT": 659795.41,
      "amountTTC": 692785.1805,
      "invoiceNumber": "90132806",
      "status": "Facturé",
      "extraC228": null,
      "extraC229": null,
      "extraC230": null,
      "extraC231": null,
      "extraNLT5": null,
      "extraNLT6": null,
      "projectId": 1,
      "project": {
        "id": 1,
        "code": "NLT1",
        "label": "NLT1 (auto-import DCRs)",
        "taxProvince": "AB"
      }
    },
    {
      "id": 245,
      "type": "milestone",
      "step": "#9.1e",
      "invoiceDate": "2024-08-30T00:00:00.000Z",
      "description": "Trials",
      "province": "AB",
      "taxRate": 0.05,
      "amountHT": 659795.41,
      "amountTTC": 692785.1805,
      "invoiceNumber": "90142916",
      "status": "Facturé",
      "extraC228": null,
      "extraC229": null,
      "extraC230": null,
      "extraC231": null,
      "extraNLT5": null,
      "extraNLT6": null,
      "projectId": 1,
      "project": {
        "id": 1,
        "code": "NLT1",
        "label": "NLT1 (auto-import DCRs)",
        "taxProvince": "AB"
      }
    },
    {
      "id": 257,
      "type": "milestone",
      "step": "#9.3b",
      "invoiceDate": "2025-11-26T00:00:00.000Z",
      "description": "Pre-Requisites",
      "province": "NS2",
      "taxRate": 0.14,
      "amountHT": 329897.7,
      "amountTTC": 346392.585,
      "invoiceNumber": "90169932",
      "status": "Facturé",
      "extraC228": null,
      "extraC229": null,
      "extraC230": null,
      "extraC231": null,
      "extraNLT5": null,
      "extraNLT6": null,
      "projectId": 3,
      "project": {
        "id": 3,
        "code": "NLT3",
        "label": "NLT3 (auto-import DCRs)",
        "taxProvince": null
      }
    },
    {
      "id": 215,
      "type": "milestone",
      "step": "#10.1",
      "invoiceDate": "2023-05-24T00:00:00.000Z",
      "description": "CVM Template",
      "province": "AB",
      "taxRate": 0.05,
      "amountHT": 109965.9,
      "amountTTC": 115464.195,
      "invoiceNumber": "90116702",
      "status": "Facturé",
      "extraC228": null,
      "extraC229": null,
      "extraC230": null,
      "extraC231": null,
      "extraNLT5": null,
      "extraNLT6": null,
      "projectId": 1,
      "project": {
        "id": 1,
        "code": "NLT1",
        "label": "NLT1 (auto-import DCRs)",
        "taxProvince": "AB"
      }
    },
    {
      "id": 217,
      "type": "milestone",
      "step": "#10.1",
      "invoiceDate": "2023-05-24T00:00:00.000Z",
      "description": "CVM Template",
      "province": "NS1",
      "taxRate": 0.15,
      "amountHT": 109965.9,
      "amountTTC": 115464.195,
      "invoiceNumber": "90116703",
      "status": "Facturé",
      "extraC228": null,
      "extraC229": null,
      "extraC230": null,
      "extraC231": null,
      "extraNLT5": null,
      "extraNLT6": null,
      "projectId": 3,
      "project": {
        "id": 3,
        "code": "NLT3",
        "label": "NLT3 (auto-import DCRs)",
        "taxProvince": null
      }
    },
    {
      "id": 218,
      "type": "milestone",
      "step": "#10.1",
      "invoiceDate": "2023-05-24T00:00:00.000Z",
      "description": "CVM Template",
      "province": "NS1",
      "taxRate": 0.15,
      "amountHT": 109965.9,
      "amountTTC": 115464.195,
      "invoiceNumber": "90116703",
      "status": "Facturé",
      "extraC228": null,
      "extraC229": null,
      "extraC230": null,
      "extraC231": null,
      "extraNLT5": null,
      "extraNLT6": null,
      "projectId": 4,
      "project": {
        "id": 4,
        "code": "NLT4",
        "label": "NLT4 (auto-import DCRs)",
        "taxProvince": "NS2"
      }
    },
    {
      "id": 391,
      "type": "milestone",
      "step": "#10.1",
      "invoiceDate": "2023-05-24T00:00:00.000Z",
      "description": "CVM Template",
      "province": "NS1",
      "taxRate": 0.15,
      "amountHT": 109965.9,
      "amountTTC": 115464.195,
      "invoiceNumber": "90116703",
      "status": "Facturé",
      "extraC228": null,
      "extraC229": null,
      "extraC230": null,
      "extraC231": null,
      "extraNLT5": null,
      "extraNLT6": null,
      "projectId": null,
      "project": null
    },
    {
      "id": 228,
      "type": "milestone",
      "step": "#10.1b1",
      "invoiceDate": "2024-01-29T00:00:00.000Z",
      "description": "Provisional Acceptance",
      "province": "AB",
      "taxRate": 0.05,
      "amountHT": 494846.55,
      "amountTTC": 519588.8775,
      "invoiceNumber": "90131158",
      "status": "Facturé",
      "extraC228": null,
      "extraC229": null,
      "extraC230": null,
      "extraC231": null,
      "extraNLT5": null,
      "extraNLT6": null,
      "projectId": 1,
      "project": {
        "id": 1,
        "code": "NLT1",
        "label": "NLT1 (auto-import DCRs)",
        "taxProvince": "AB"
      }
    },
    {
      "id": 241,
      "type": "milestone",
      "step": "#10.1b2",
      "invoiceDate": "2024-08-22T00:00:00.000Z",
      "description": "Delivery of all ILS Products & Documents reviewed",
      "province": "AB",
      "taxRate": 0.05,
      "amountHT": 494846.56,
      "amountTTC": 519588.888,
      "invoiceNumber": "90142506",
      "status": "Facturé",
      "extraC228": null,
      "extraC229": null,
      "extraC230": null,
      "extraC231": null,
      "extraNLT5": null,
      "extraNLT6": null,
      "projectId": 1,
      "project": {
        "id": 1,
        "code": "NLT1",
        "label": "NLT1 (auto-import DCRs)",
        "taxProvince": "AB"
      }
    },
    {
      "id": 247,
      "type": "milestone",
      "step": "#11.1",
      "invoiceDate": "2024-09-20T00:00:00.000Z",
      "description": "Livraison et acceptation des navires à leur BFC respective",
      "province": "AB",
      "taxRate": 0.05,
      "amountHT": 3194980.92,
      "amountTTC": 3354729.966,
      "invoiceNumber": "90144139",
      "status": "Facturé",
      "extraC228": null,
      "extraC229": null,
      "extraC230": null,
      "extraC231": null,
      "extraNLT5": null,
      "extraNLT6": null,
      "projectId": 1,
      "project": {
        "id": 1,
        "code": "NLT1",
        "label": "NLT1 (auto-import DCRs)",
        "taxProvince": "AB"
      }
    },
    {
      "id": 260,
      "type": "milestone",
      "step": "#11.1",
      "invoiceDate": "2025-05-22T00:00:00.000Z",
      "description": "Delivery and Final Acceptance of vessels ",
      "province": "AB",
      "taxRate": 0.05,
      "amountHT": 103996.12,
      "amountTTC": 109195.926,
      "invoiceNumber": "90158978",
      "status": "Facturé",
      "extraC228": null,
      "extraC229": null,
      "extraC230": null,
      "extraC231": null,
      "extraNLT5": null,
      "extraNLT6": null,
      "projectId": 1,
      "project": {
        "id": 1,
        "code": "NLT1",
        "label": "NLT1 (auto-import DCRs)",
        "taxProvince": "AB"
      }
    },
    {
      "id": 227,
      "type": "milestone",
      "step": "#12.1b1",
      "invoiceDate": "2024-01-26T00:00:00.000Z",
      "description": "RSPL",
      "province": "AB",
      "taxRate": 0.05,
      "amountHT": 70374.73,
      "amountTTC": 73893.4665,
      "invoiceNumber": "90131017",
      "status": "Facturé",
      "extraC228": null,
      "extraC229": null,
      "extraC230": null,
      "extraC231": null,
      "extraNLT5": null,
      "extraNLT6": null,
      "projectId": 1,
      "project": {
        "id": 1,
        "code": "NLT1",
        "label": "NLT1 (auto-import DCRs)",
        "taxProvince": "AB"
      }
    },
    {
      "id": 236,
      "type": "milestone",
      "step": "#12.1b2",
      "invoiceDate": "2025-08-16T00:00:00.000Z",
      "description": "Spares verified by Canada at shipyard before shipping",
      "province": "AB",
      "taxRate": 0.05,
      "amountHT": 140749.44,
      "amountTTC": 147786.912,
      "invoiceNumber": "90142117",
      "status": "Facturé",
      "extraC228": null,
      "extraC229": null,
      "extraC230": null,
      "extraC231": null,
      "extraNLT5": null,
      "extraNLT6": null,
      "projectId": 1,
      "project": {
        "id": 1,
        "code": "NLT1",
        "label": "NLT1 (auto-import DCRs)",
        "taxProvince": "AB"
      }
    },
    {
      "id": 200,
      "type": "milestone",
      "step": "#12a",
      "invoiceDate": "2020-06-04T00:00:00.000Z",
      "description": "Propulsion",
      "province": "NS1",
      "taxRate": 0.15,
      "amountHT": 87990,
      "amountTTC": 101188.5,
      "invoiceNumber": "90060514",
      "status": "Facturé",
      "extraC228": null,
      "extraC229": null,
      "extraC230": null,
      "extraC231": null,
      "extraNLT5": null,
      "extraNLT6": null,
      "projectId": 3,
      "project": {
        "id": 3,
        "code": "NLT3",
        "label": "NLT3 (auto-import DCRs)",
        "taxProvince": null
      }
    },
    {
      "id": 201,
      "type": "milestone",
      "step": "#12a",
      "invoiceDate": "2020-06-04T00:00:00.000Z",
      "description": "Propulsion",
      "province": "NS1",
      "taxRate": 0.15,
      "amountHT": 87990,
      "amountTTC": 101188.5,
      "invoiceNumber": "90060517",
      "status": "Facturé",
      "extraC228": null,
      "extraC229": null,
      "extraC230": null,
      "extraC231": null,
      "extraNLT5": null,
      "extraNLT6": null,
      "projectId": 4,
      "project": {
        "id": 4,
        "code": "NLT4",
        "label": "NLT4 (auto-import DCRs)",
        "taxProvince": "NS2"
      }
    },
    {
      "id": 226,
      "type": "milestone",
      "step": "#12a",
      "invoiceDate": "2020-06-04T00:00:00.000Z",
      "description": "Propulsion",
      "province": "AB",
      "taxRate": 0.05,
      "amountHT": 87990,
      "amountTTC": 92389.5,
      "invoiceNumber": "90060512",
      "status": "Facturé",
      "extraC228": null,
      "extraC229": null,
      "extraC230": null,
      "extraC231": null,
      "extraNLT5": null,
      "extraNLT6": null,
      "projectId": 1,
      "project": {
        "id": 1,
        "code": "NLT1",
        "label": "NLT1 (auto-import DCRs)",
        "taxProvince": "AB"
      }
    },
    {
      "id": 392,
      "type": "milestone",
      "step": "#12a",
      "invoiceDate": "2020-06-04T00:00:00.000Z",
      "description": "Propulsion",
      "province": "NS1",
      "taxRate": 0.15,
      "amountHT": 87990,
      "amountTTC": 101188.5,
      "invoiceNumber": "90060517",
      "status": "Facturé",
      "extraC228": null,
      "extraC229": null,
      "extraC230": null,
      "extraC231": null,
      "extraNLT5": null,
      "extraNLT6": null,
      "projectId": null,
      "project": null
    },
    {
      "id": 249,
      "type": "milestone",
      "step": "#17",
      "invoiceDate": "2024-09-20T00:00:00.000Z",
      "description": "EPA Adjustement",
      "province": "AB",
      "taxRate": 0.05,
      "amountHT": 2000000,
      "amountTTC": 2100000,
      "invoiceNumber": "90142934",
      "status": "Facturé",
      "extraC228": null,
      "extraC229": null,
      "extraC230": null,
      "extraC231": null,
      "extraNLT5": null,
      "extraNLT6": null,
      "projectId": 1,
      "project": {
        "id": 1,
        "code": "NLT1",
        "label": "NLT1 (auto-import DCRs)",
        "taxProvince": "AB"
      }
    },
    {
      "id": 97,
      "type": "milestone",
      "step": "4.1b",
      "invoiceDate": "2020-08-27T00:00:00.000Z",
      "description": "Balance delivery to subcontractor (steel)",
      "province": "AB",
      "taxRate": 0.05,
      "amountHT": 2603056.5,
      "amountTTC": 2733209.325,
      "invoiceNumber": "90064414",
      "status": "Facturé",
      "extraC228": null,
      "extraC229": null,
      "extraC230": null,
      "extraC231": null,
      "extraNLT5": null,
      "extraNLT6": null,
      "projectId": 1,
      "project": {
        "id": 1,
        "code": "NLT1",
        "label": "NLT1 (auto-import DCRs)",
        "taxProvince": "AB"
      }
    },
    {
      "id": 98,
      "type": "milestone",
      "step": "4.2b",
      "invoiceDate": "2020-08-27T00:00:00.000Z",
      "description": "Balance delivery to subcontractor (steel)",
      "province": "AB",
      "taxRate": 0.05,
      "amountHT": 2603056.5,
      "amountTTC": 2733209.325,
      "invoiceNumber": "90064422",
      "status": "Facturé",
      "extraC228": null,
      "extraC229": null,
      "extraC230": null,
      "extraC231": null,
      "extraNLT5": null,
      "extraNLT6": null,
      "projectId": 2,
      "project": {
        "id": 2,
        "code": "NLT2",
        "label": "NLT2 (auto-import DCRs)",
        "taxProvince": "AB"
      }
    },
    {
      "id": 99,
      "type": "milestone",
      "step": "4.3b",
      "invoiceDate": "2020-08-27T00:00:00.000Z",
      "description": "Balance delivery to subcontractor (steel)",
      "province": "NS1",
      "taxRate": 0.15,
      "amountHT": 2603056.5,
      "amountTTC": 2993514.975,
      "invoiceNumber": "90064426",
      "status": "Facturé",
      "extraC228": null,
      "extraC229": null,
      "extraC230": null,
      "extraC231": null,
      "extraNLT5": null,
      "extraNLT6": null,
      "projectId": 3,
      "project": {
        "id": 3,
        "code": "NLT3",
        "label": "NLT3 (auto-import DCRs)",
        "taxProvince": null
      }
    },
    {
      "id": 100,
      "type": "milestone",
      "step": "4.4b",
      "invoiceDate": "2020-08-27T00:00:00.000Z",
      "description": "Balance delivery to subcontractor (steel)",
      "province": "NS1",
      "taxRate": 0.15,
      "amountHT": 2603056.5,
      "amountTTC": 2993514.975,
      "invoiceNumber": "90064433",
      "status": "Facturé",
      "extraC228": null,
      "extraC229": null,
      "extraC230": null,
      "extraC231": null,
      "extraNLT5": null,
      "extraNLT6": null,
      "projectId": 4,
      "project": {
        "id": 4,
        "code": "NLT4",
        "label": "NLT4 (auto-import DCRs)",
        "taxProvince": "NS2"
      }
    },
    {
      "id": 393,
      "type": "milestone",
      "step": "4.4b",
      "invoiceDate": "2020-08-27T00:00:00.000Z",
      "description": "Balance delivery to subcontractor (steel)",
      "province": "NS1",
      "taxRate": 0.15,
      "amountHT": 2603056.5,
      "amountTTC": 2993514.975,
      "invoiceNumber": "90064433",
      "status": "Facturé",
      "extraC228": null,
      "extraC229": null,
      "extraC230": null,
      "extraC231": null,
      "extraNLT5": null,
      "extraNLT6": null,
      "projectId": null,
      "project": null
    },
    {
      "id": 93,
      "type": "milestone",
      "step": "4a",
      "invoiceDate": "2020-12-04T00:00:00.000Z",
      "description": "PO one non-recurrent (steel)",
      "province": "AB",
      "taxRate": 0.05,
      "amountHT": 36125.12,
      "amountTTC": 37931.376,
      "invoiceNumber": "90060478",
      "status": "Facturé",
      "extraC228": null,
      "extraC229": null,
      "extraC230": null,
      "extraC231": null,
      "extraNLT5": null,
      "extraNLT6": null,
      "projectId": 1,
      "project": {
        "id": 1,
        "code": "NLT1",
        "label": "NLT1 (auto-import DCRs)",
        "taxProvince": "AB"
      }
    },
    {
      "id": 94,
      "type": "milestone",
      "step": "4a",
      "invoiceDate": "2020-12-04T00:00:00.000Z",
      "description": "PO one non-recurrent (steel)",
      "province": "AB",
      "taxRate": 0.05,
      "amountHT": 36125.12,
      "amountTTC": 37931.376,
      "invoiceNumber": "90060479",
      "status": "Facturé",
      "extraC228": null,
      "extraC229": null,
      "extraC230": null,
      "extraC231": null,
      "extraNLT5": null,
      "extraNLT6": null,
      "projectId": 2,
      "project": {
        "id": 2,
        "code": "NLT2",
        "label": "NLT2 (auto-import DCRs)",
        "taxProvince": "AB"
      }
    },
    {
      "id": 95,
      "type": "milestone",
      "step": "4a",
      "invoiceDate": "2020-12-04T00:00:00.000Z",
      "description": "PO one non-recurrent (steel)",
      "province": "NS1",
      "taxRate": 0.15,
      "amountHT": 36125.13,
      "amountTTC": 41543.89949999999,
      "invoiceNumber": "90060480",
      "status": "Facturé",
      "extraC228": null,
      "extraC229": null,
      "extraC230": null,
      "extraC231": null,
      "extraNLT5": null,
      "extraNLT6": null,
      "projectId": 3,
      "project": {
        "id": 3,
        "code": "NLT3",
        "label": "NLT3 (auto-import DCRs)",
        "taxProvince": null
      }
    },
    {
      "id": 96,
      "type": "milestone",
      "step": "4a",
      "invoiceDate": "2020-12-04T00:00:00.000Z",
      "description": "PO one non-recurrent (steel)",
      "province": "NS1",
      "taxRate": 0.15,
      "amountHT": 36125.13,
      "amountTTC": 41543.89949999999,
      "invoiceNumber": "90060481",
      "status": "Facturé",
      "extraC228": null,
      "extraC229": null,
      "extraC230": null,
      "extraC231": null,
      "extraNLT5": null,
      "extraNLT6": null,
      "projectId": 4,
      "project": {
        "id": 4,
        "code": "NLT4",
        "label": "NLT4 (auto-import DCRs)",
        "taxProvince": "NS2"
      }
    },
    {
      "id": 394,
      "type": "milestone",
      "step": "4a",
      "invoiceDate": "2020-12-04T00:00:00.000Z",
      "description": "PO one non-recurrent (steel)",
      "province": "NS1",
      "taxRate": 0.15,
      "amountHT": 36125.13,
      "amountTTC": 41543.89949999999,
      "invoiceNumber": "90060481",
      "status": "Facturé",
      "extraC228": null,
      "extraC229": null,
      "extraC230": null,
      "extraC231": null,
      "extraNLT5": null,
      "extraNLT6": null,
      "projectId": null,
      "project": null
    },
    {
      "id": 105,
      "type": "milestone",
      "step": "5.1b",
      "invoiceDate": "2021-02-23T00:00:00.000Z",
      "description": "Propulsion Delivered",
      "province": "AB",
      "taxRate": 0.05,
      "amountHT": 1253444.55,
      "amountTTC": 1316116.7775,
      "invoiceNumber": "90073025",
      "status": "Facturé",
      "extraC228": null,
      "extraC229": null,
      "extraC230": null,
      "extraC231": null,
      "extraNLT5": null,
      "extraNLT6": null,
      "projectId": 1,
      "project": {
        "id": 1,
        "code": "NLT1",
        "label": "NLT1 (auto-import DCRs)",
        "taxProvince": "AB"
      }
    },
    {
      "id": 106,
      "type": "milestone",
      "step": "5.2b",
      "invoiceDate": "2021-10-12T00:00:00.000Z",
      "description": "Propulsion Delivered",
      "province": "AB",
      "taxRate": 0.05,
      "amountHT": 1253444.55,
      "amountTTC": 1316116.7775,
      "invoiceNumber": "90084219",
      "status": "Facturé",
      "extraC228": null,
      "extraC229": null,
      "extraC230": null,
      "extraC231": null,
      "extraNLT5": null,
      "extraNLT6": null,
      "projectId": 2,
      "project": {
        "id": 2,
        "code": "NLT2",
        "label": "NLT2 (auto-import DCRs)",
        "taxProvince": "AB"
      }
    },
    {
      "id": 107,
      "type": "milestone",
      "step": "5.3b",
      "invoiceDate": "2022-10-10T00:00:00.000Z",
      "description": "Propulsion Delivered",
      "province": "NS1",
      "taxRate": 0.15,
      "amountHT": 1253444.55,
      "amountTTC": 1316116.7775,
      "invoiceNumber": "90102993",
      "status": "Facturé",
      "extraC228": null,
      "extraC229": null,
      "extraC230": null,
      "extraC231": null,
      "extraNLT5": null,
      "extraNLT6": null,
      "projectId": 3,
      "project": {
        "id": 3,
        "code": "NLT3",
        "label": "NLT3 (auto-import DCRs)",
        "taxProvince": null
      }
    },
    {
      "id": 108,
      "type": "milestone",
      "step": "5.4b",
      "invoiceDate": "2023-02-07T00:00:00.000Z",
      "description": "Propulsion Delivered",
      "province": "NS1",
      "taxRate": 0.15,
      "amountHT": 1253444.55,
      "amountTTC": 1441461.2325,
      "invoiceNumber": "90110893",
      "status": "Facturé",
      "extraC228": null,
      "extraC229": null,
      "extraC230": null,
      "extraC231": null,
      "extraNLT5": null,
      "extraNLT6": null,
      "projectId": 4,
      "project": {
        "id": 4,
        "code": "NLT4",
        "label": "NLT4 (auto-import DCRs)",
        "taxProvince": "NS2"
      }
    },
    {
      "id": 395,
      "type": "milestone",
      "step": "5.4b",
      "invoiceDate": "2023-02-07T00:00:00.000Z",
      "description": "Propulsion Delivered",
      "province": "NS1",
      "taxRate": 0.15,
      "amountHT": 1253444.55,
      "amountTTC": 1441461.2325,
      "invoiceNumber": "90110893",
      "status": "Facturé",
      "extraC228": null,
      "extraC229": null,
      "extraC230": null,
      "extraC231": null,
      "extraNLT5": null,
      "extraNLT6": null,
      "projectId": null,
      "project": null
    },
    {
      "id": 101,
      "type": "milestone",
      "step": "5a",
      "invoiceDate": "2020-06-04T00:00:00.000Z",
      "description": "PO one non-recurrent (propulsion)",
      "province": "AB",
      "taxRate": 0.05,
      "amountHT": 506009.87,
      "amountTTC": 531310.3635,
      "invoiceNumber": "90060483",
      "status": "Facturé",
      "extraC228": null,
      "extraC229": null,
      "extraC230": null,
      "extraC231": null,
      "extraNLT5": null,
      "extraNLT6": null,
      "projectId": 1,
      "project": {
        "id": 1,
        "code": "NLT1",
        "label": "NLT1 (auto-import DCRs)",
        "taxProvince": "AB"
      }
    },
    {
      "id": 103,
      "type": "milestone",
      "step": "5a",
      "invoiceDate": "2020-06-04T00:00:00.000Z",
      "description": "PO one non-recurrent (propulsion)",
      "province": "AB",
      "taxRate": 0.05,
      "amountHT": 506009.87,
      "amountTTC": 531310.3635,
      "invoiceNumber": "90060486",
      "status": "Facturé",
      "extraC228": null,
      "extraC229": null,
      "extraC230": null,
      "extraC231": null,
      "extraNLT5": null,
      "extraNLT6": null,
      "projectId": 3,
      "project": {
        "id": 3,
        "code": "NLT3",
        "label": "NLT3 (auto-import DCRs)",
        "taxProvince": null
      }
    },
    {
      "id": 104,
      "type": "milestone",
      "step": "5a",
      "invoiceDate": "2020-06-04T00:00:00.000Z",
      "description": "PO one non-recurrent (propulsion)",
      "province": "NS1",
      "taxRate": 0.15,
      "amountHT": 506009.87,
      "amountTTC": 581911.3505,
      "invoiceNumber": "90060487",
      "status": "Facturé",
      "extraC228": null,
      "extraC229": null,
      "extraC230": null,
      "extraC231": null,
      "extraNLT5": null,
      "extraNLT6": null,
      "projectId": 4,
      "project": {
        "id": 4,
        "code": "NLT4",
        "label": "NLT4 (auto-import DCRs)",
        "taxProvince": "NS2"
      }
    },
    {
      "id": 396,
      "type": "milestone",
      "step": "5a",
      "invoiceDate": "2020-06-04T00:00:00.000Z",
      "description": "PO one non-recurrent (propulsion)",
      "province": "NS1",
      "taxRate": 0.15,
      "amountHT": 506009.87,
      "amountTTC": 581911.3505,
      "invoiceNumber": "90060487",
      "status": "Facturé",
      "extraC228": null,
      "extraC229": null,
      "extraC230": null,
      "extraC231": null,
      "extraNLT5": null,
      "extraNLT6": null,
      "projectId": null,
      "project": null
    },
    {
      "id": 102,
      "type": "milestone",
      "step": "5a",
      "invoiceDate": "2025-06-04T00:00:00.000Z",
      "description": "PO one non-recurrent (propulsion)",
      "province": "NS1",
      "taxRate": 0.15,
      "amountHT": 506009.87,
      "amountTTC": 581911.3505,
      "invoiceNumber": "90060488",
      "status": "Facturé",
      "extraC228": null,
      "extraC229": null,
      "extraC230": null,
      "extraC231": null,
      "extraNLT5": null,
      "extraNLT6": null,
      "projectId": 2,
      "project": {
        "id": 2,
        "code": "NLT2",
        "label": "NLT2 (auto-import DCRs)",
        "taxProvince": "AB"
      }
    },
    {
      "id": 113,
      "type": "milestone",
      "step": "6.1b",
      "invoiceDate": null,
      "description": "Electrical Delivered",
      "province": "AB",
      "taxRate": 0.05,
      "amountHT": 877506.57,
      "amountTTC": 921381.8985,
      "invoiceNumber": "90083266",
      "status": "Facturé",
      "extraC228": null,
      "extraC229": null,
      "extraC230": null,
      "extraC231": null,
      "extraNLT5": null,
      "extraNLT6": null,
      "projectId": 1,
      "project": {
        "id": 1,
        "code": "NLT1",
        "label": "NLT1 (auto-import DCRs)",
        "taxProvince": "AB"
      }
    },
    {
      "id": 114,
      "type": "milestone",
      "step": "6.2b",
      "invoiceDate": "2022-05-31T00:00:00.000Z",
      "description": "Electrical Delivered",
      "province": "AB",
      "taxRate": 0.05,
      "amountHT": 877506.57,
      "amountTTC": 921381.8985,
      "invoiceNumber": "90095896",
      "status": "Facturé",
      "extraC228": null,
      "extraC229": null,
      "extraC230": null,
      "extraC231": null,
      "extraNLT5": null,
      "extraNLT6": null,
      "projectId": 2,
      "project": {
        "id": 2,
        "code": "NLT2",
        "label": "NLT2 (auto-import DCRs)",
        "taxProvince": "AB"
      }
    },
    {
      "id": 115,
      "type": "milestone",
      "step": "6.3b",
      "invoiceDate": "2022-11-08T00:00:00.000Z",
      "description": "Electrical Delivered",
      "province": "NS1",
      "taxRate": 0.15,
      "amountHT": 877506.57,
      "amountTTC": 1009132.5555,
      "invoiceNumber": "90105442",
      "status": "Facturé",
      "extraC228": null,
      "extraC229": null,
      "extraC230": null,
      "extraC231": null,
      "extraNLT5": null,
      "extraNLT6": null,
      "projectId": 3,
      "project": {
        "id": 3,
        "code": "NLT3",
        "label": "NLT3 (auto-import DCRs)",
        "taxProvince": null
      }
    },
    {
      "id": 116,
      "type": "milestone",
      "step": "6.4b",
      "invoiceDate": "2023-03-02T00:00:00.000Z",
      "description": "Electrical Delivered",
      "province": "NS1",
      "taxRate": 0.15,
      "amountHT": 877506.57,
      "amountTTC": 1009132.5555,
      "invoiceNumber": "90112041",
      "status": "Facturé",
      "extraC228": null,
      "extraC229": null,
      "extraC230": null,
      "extraC231": null,
      "extraNLT5": null,
      "extraNLT6": null,
      "projectId": 4,
      "project": {
        "id": 4,
        "code": "NLT4",
        "label": "NLT4 (auto-import DCRs)",
        "taxProvince": "NS2"
      }
    },
    {
      "id": 397,
      "type": "milestone",
      "step": "6.4b",
      "invoiceDate": "2023-03-02T00:00:00.000Z",
      "description": "Electrical Delivered",
      "province": "NS1",
      "taxRate": 0.15,
      "amountHT": 877506.57,
      "amountTTC": 1009132.5555,
      "invoiceNumber": "90112041",
      "status": "Facturé",
      "extraC228": null,
      "extraC229": null,
      "extraC230": null,
      "extraC231": null,
      "extraNLT5": null,
      "extraNLT6": null,
      "projectId": null,
      "project": null
    },
    {
      "id": 109,
      "type": "milestone",
      "step": "6a",
      "invoiceDate": "2020-06-04T00:00:00.000Z",
      "description": "PO one non-recurrent (electrical)",
      "province": "AB",
      "taxRate": 0.05,
      "amountHT": 442084.25,
      "amountTTC": 464188.4625,
      "invoiceNumber": "90060497",
      "status": "Facturé",
      "extraC228": null,
      "extraC229": null,
      "extraC230": null,
      "extraC231": null,
      "extraNLT5": null,
      "extraNLT6": null,
      "projectId": 1,
      "project": {
        "id": 1,
        "code": "NLT1",
        "label": "NLT1 (auto-import DCRs)",
        "taxProvince": "AB"
      }
    },
    {
      "id": 110,
      "type": "milestone",
      "step": "6a",
      "invoiceDate": "2020-06-04T00:00:00.000Z",
      "description": "PO one non-recurrent (electrical)",
      "province": "AB",
      "taxRate": 0.05,
      "amountHT": 442084.25,
      "amountTTC": 464188.4625,
      "invoiceNumber": "90060498",
      "status": "Facturé",
      "extraC228": null,
      "extraC229": null,
      "extraC230": null,
      "extraC231": null,
      "extraNLT5": null,
      "extraNLT6": null,
      "projectId": 2,
      "project": {
        "id": 2,
        "code": "NLT2",
        "label": "NLT2 (auto-import DCRs)",
        "taxProvince": "AB"
      }
    },
    {
      "id": 111,
      "type": "milestone",
      "step": "6a",
      "invoiceDate": "2020-06-04T00:00:00.000Z",
      "description": "PO one non-recurrent (electrical)",
      "province": "NS1",
      "taxRate": 0.15,
      "amountHT": 442084.25,
      "amountTTC": 508396.8875,
      "invoiceNumber": "90060499",
      "status": "Facturé",
      "extraC228": null,
      "extraC229": null,
      "extraC230": null,
      "extraC231": null,
      "extraNLT5": null,
      "extraNLT6": null,
      "projectId": 3,
      "project": {
        "id": 3,
        "code": "NLT3",
        "label": "NLT3 (auto-import DCRs)",
        "taxProvince": null
      }
    },
    {
      "id": 112,
      "type": "milestone",
      "step": "6a",
      "invoiceDate": "2020-06-04T00:00:00.000Z",
      "description": "PO one non-recurrent (electrical)",
      "province": "NS1",
      "taxRate": 0.15,
      "amountHT": 442084.25,
      "amountTTC": 508396.8875,
      "invoiceNumber": "90060502",
      "status": "Facturé",
      "extraC228": null,
      "extraC229": null,
      "extraC230": null,
      "extraC231": null,
      "extraNLT5": null,
      "extraNLT6": null,
      "projectId": 4,
      "project": {
        "id": 4,
        "code": "NLT4",
        "label": "NLT4 (auto-import DCRs)",
        "taxProvince": "NS2"
      }
    },
    {
      "id": 398,
      "type": "milestone",
      "step": "6a",
      "invoiceDate": "2020-06-04T00:00:00.000Z",
      "description": "PO one non-recurrent (electrical)",
      "province": "NS1",
      "taxRate": 0.15,
      "amountHT": 442084.25,
      "amountTTC": 508396.8875,
      "invoiceNumber": "90060502",
      "status": "Facturé",
      "extraC228": null,
      "extraC229": null,
      "extraC230": null,
      "extraC231": null,
      "extraNLT5": null,
      "extraNLT6": null,
      "projectId": null,
      "project": null
    },
    {
      "id": 117,
      "type": "milestone",
      "step": "7.1",
      "invoiceDate": "2021-11-24T00:00:00.000Z",
      "description": "Hull, deck, wheelhouse enclosed C228 NLT1",
      "province": "AB",
      "taxRate": 0.05,
      "amountHT": 2199318.03,
      "amountTTC": 2309283.9315,
      "invoiceNumber": "90086703",
      "status": "Facturé",
      "extraC228": null,
      "extraC229": null,
      "extraC230": null,
      "extraC231": null,
      "extraNLT5": null,
      "extraNLT6": null,
      "projectId": 1,
      "project": {
        "id": 1,
        "code": "NLT1",
        "label": "NLT1 (auto-import DCRs)",
        "taxProvince": "AB"
      }
    },
    {
      "id": 118,
      "type": "milestone",
      "step": "7.2b",
      "invoiceDate": "2022-08-05T00:00:00.000Z",
      "description": "Hull, deck, wheelhouse enclosed C229 NLT2",
      "province": "AB",
      "taxRate": 0.05,
      "amountHT": 2199318.03,
      "amountTTC": 2309283.9315,
      "invoiceNumber": "90099620",
      "status": "Facturé",
      "extraC228": null,
      "extraC229": null,
      "extraC230": null,
      "extraC231": null,
      "extraNLT5": null,
      "extraNLT6": null,
      "projectId": 2,
      "project": {
        "id": 2,
        "code": "NLT2",
        "label": "NLT2 (auto-import DCRs)",
        "taxProvince": "AB"
      }
    },
    {
      "id": 119,
      "type": "milestone",
      "step": "7.3a",
      "invoiceDate": "2025-01-15T00:00:00.000Z",
      "description": "Deckhouse complete and accepted by Canada",
      "province": "NS1",
      "taxRate": 0.15,
      "amountHT": 329897.71,
      "amountTTC": 379382.3665,
      "invoiceNumber": "90151423",
      "status": "Facturé",
      "extraC228": null,
      "extraC229": null,
      "extraC230": null,
      "extraC231": null,
      "extraNLT5": null,
      "extraNLT6": null,
      "projectId": 3,
      "project": {
        "id": 3,
        "code": "NLT3",
        "label": "NLT3 (auto-import DCRs)",
        "taxProvince": null
      }
    },
    {
      "id": 120,
      "type": "milestone",
      "step": "7.3b",
      "invoiceDate": "2025-05-06T00:00:00.000Z",
      "description": "Hull enclosed and accepted by Canada",
      "province": "NS2",
      "taxRate": 0.14,
      "amountHT": 989693.11,
      "amountTTC": 1128250.1454,
      "invoiceNumber": "90159401",
      "status": "Facturé",
      "extraC228": null,
      "extraC229": null,
      "extraC230": null,
      "extraC231": null,
      "extraNLT5": null,
      "extraNLT6": null,
      "projectId": 3,
      "project": {
        "id": 3,
        "code": "NLT3",
        "label": "NLT3 (auto-import DCRs)",
        "taxProvince": null
      }
    },
    {
      "id": 121,
      "type": "milestone",
      "step": "7.3c",
      "invoiceDate": "2025-05-06T00:00:00.000Z",
      "description": "Deckhouse and hull assembly complete and accepted by Canada",
      "province": "NS2",
      "taxRate": 0.14,
      "amountHT": 879727.21,
      "amountTTC": 1002889.0194,
      "invoiceNumber": "90159401",
      "status": "Facturé",
      "extraC228": null,
      "extraC229": null,
      "extraC230": null,
      "extraC231": null,
      "extraNLT5": null,
      "extraNLT6": null,
      "projectId": 3,
      "project": {
        "id": 3,
        "code": "NLT3",
        "label": "NLT3 (auto-import DCRs)",
        "taxProvince": null
      }
    },
    {
      "id": 125,
      "type": "milestone",
      "step": "8.1a",
      "invoiceDate": "2022-06-09T00:00:00.000Z",
      "description": "Prime Movers Installed",
      "province": "AB",
      "taxRate": 0.05,
      "amountHT": 879727.21,
      "amountTTC": 923713.5705,
      "invoiceNumber": "90096435",
      "status": "Facturé",
      "extraC228": null,
      "extraC229": null,
      "extraC230": null,
      "extraC231": null,
      "extraNLT5": null,
      "extraNLT6": null,
      "projectId": 1,
      "project": {
        "id": 1,
        "code": "NLT1",
        "label": "NLT1 (auto-import DCRs)",
        "taxProvince": "AB"
      }
    },
    {
      "id": 129,
      "type": "milestone",
      "step": "8.1b",
      "invoiceDate": "2022-08-31T00:00:00.000Z",
      "description": "Prime mover to Propulsor C228",
      "province": "AB",
      "taxRate": 0.05,
      "amountHT": 1319590.82,
      "amountTTC": 1385570.361,
      "invoiceNumber": "90101046",
      "status": "Facturé",
      "extraC228": null,
      "extraC229": null,
      "extraC230": null,
      "extraC231": null,
      "extraNLT5": null,
      "extraNLT6": null,
      "projectId": 1,
      "project": {
        "id": 1,
        "code": "NLT1",
        "label": "NLT1 (auto-import DCRs)",
        "taxProvince": "AB"
      }
    },
    {
      "id": 126,
      "type": "milestone",
      "step": "8.2a",
      "invoiceDate": "2022-06-09T00:00:00.000Z",
      "description": "Prime Movers Installed",
      "province": "AB",
      "taxRate": 0.05,
      "amountHT": 879727.21,
      "amountTTC": 923713.5705,
      "invoiceNumber": "90096427",
      "status": "Facturé",
      "extraC228": null,
      "extraC229": null,
      "extraC230": null,
      "extraC231": null,
      "extraNLT5": null,
      "extraNLT6": null,
      "projectId": 2,
      "project": {
        "id": 2,
        "code": "NLT2",
        "label": "NLT2 (auto-import DCRs)",
        "taxProvince": "AB"
      }
    },
    {
      "id": 214,
      "type": "milestone",
      "step": "8.2b",
      "invoiceDate": "2023-10-13T00:00:00.000Z",
      "description": "Prime mover to Propulsor C229",
      "province": "AB",
      "taxRate": 0.05,
      "amountHT": 527836.33,
      "amountTTC": 554228.1465,
      "invoiceNumber": "90124906",
      "status": "Facturé",
      "extraC228": null,
      "extraC229": null,
      "extraC230": null,
      "extraC231": null,
      "extraNLT5": null,
      "extraNLT6": null,
      "projectId": 2,
      "project": {
        "id": 2,
        "code": "NLT2",
        "label": "NLT2 (auto-import DCRs)",
        "taxProvince": "AB"
      }
    },
    {
      "id": 133,
      "type": "milestone",
      "step": "8.2b2",
      "invoiceDate": "2024-01-25T00:00:00.000Z",
      "description": "Final alignment complete and accepted by Canada",
      "province": "AB",
      "taxRate": 0.05,
      "amountHT": 791754.49,
      "amountTTC": 831342.2145,
      "invoiceNumber": "90130987",
      "status": "Facturé",
      "extraC228": null,
      "extraC229": null,
      "extraC230": null,
      "extraC231": null,
      "extraNLT5": null,
      "extraNLT6": null,
      "projectId": 2,
      "project": {
        "id": 2,
        "code": "NLT2",
        "label": "NLT2 (auto-import DCRs)",
        "taxProvince": "AB"
      }
    },
    {
      "id": 127,
      "type": "milestone",
      "step": "8.3a",
      "invoiceDate": "2025-05-06T00:00:00.000Z",
      "description": "Prime Movers Installed",
      "province": "NS2",
      "taxRate": 0.14,
      "amountHT": 879727.21,
      "amountTTC": 1002889.0194,
      "invoiceNumber": "90157565",
      "status": "Facturé",
      "extraC228": null,
      "extraC229": null,
      "extraC230": null,
      "extraC231": null,
      "extraNLT5": null,
      "extraNLT6": null,
      "projectId": 3,
      "project": {
        "id": 3,
        "code": "NLT3",
        "label": "NLT3 (auto-import DCRs)",
        "taxProvince": null
      }
    },
    {
      "id": 131,
      "type": "milestone",
      "step": "8.3b1",
      "invoiceDate": "2025-10-15T00:00:00.000Z",
      "description": "All shaft components installed and accepted by Canada",
      "province": "NS2",
      "taxRate": 0.14,
      "amountHT": 527836.33,
      "amountTTC": 601733.4162,
      "invoiceNumber": "90167122",
      "status": "Facturé",
      "extraC228": null,
      "extraC229": null,
      "extraC230": null,
      "extraC231": null,
      "extraNLT5": null,
      "extraNLT6": null,
      "projectId": 3,
      "project": {
        "id": 3,
        "code": "NLT3",
        "label": "NLT3 (auto-import DCRs)",
        "taxProvince": null
      }
    },
    {
      "id": 134,
      "type": "milestone",
      "step": "8.3b2",
      "invoiceDate": "2025-10-15T00:00:00.000Z",
      "description": "Final alignment complete and accepted by Canada",
      "province": "NS2",
      "taxRate": 0.14,
      "amountHT": 791754.49,
      "amountTTC": 902600.1186,
      "invoiceNumber": "90167127",
      "status": "Facturé",
      "extraC228": null,
      "extraC229": null,
      "extraC230": null,
      "extraC231": null,
      "extraNLT5": null,
      "extraNLT6": null,
      "projectId": 3,
      "project": {
        "id": 3,
        "code": "NLT3",
        "label": "NLT3 (auto-import DCRs)",
        "taxProvince": null
      }
    },
    {
      "id": 136,
      "type": "milestone",
      "step": "9.1a",
      "invoiceDate": "2023-12-18T00:00:00.000Z",
      "description": "Test and Trials Program Complete and accepted by Canada (applicable for 4)",
      "province": "AB",
      "taxRate": 0.05,
      "amountHT": 164948.85,
      "amountTTC": 173196.2925,
      "invoiceNumber": "90128970",
      "status": "Facturé",
      "extraC228": null,
      "extraC229": null,
      "extraC230": null,
      "extraC231": null,
      "extraNLT5": null,
      "extraNLT6": null,
      "projectId": 1,
      "project": {
        "id": 1,
        "code": "NLT1",
        "label": "NLT1 (auto-import DCRs)",
        "taxProvince": "AB"
      }
    },
    {
      "id": 137,
      "type": "milestone",
      "step": "9.2a",
      "invoiceDate": "2023-12-18T00:00:00.000Z",
      "description": "Test and Trials Program Complete and accepted by Canada (applicable for 4)",
      "province": "AB",
      "taxRate": 0.05,
      "amountHT": 164948.85,
      "amountTTC": 173196.2925,
      "invoiceNumber": "90128970",
      "status": "Facturé",
      "extraC228": null,
      "extraC229": null,
      "extraC230": null,
      "extraC231": null,
      "extraNLT5": null,
      "extraNLT6": null,
      "projectId": 2,
      "project": {
        "id": 2,
        "code": "NLT2",
        "label": "NLT2 (auto-import DCRs)",
        "taxProvince": "AB"
      }
    },
    {
      "id": 258,
      "type": "milestone",
      "step": "9.2b",
      "invoiceDate": "2024-11-13T00:00:00.000Z",
      "description": "Pre-Requisites",
      "province": "AB",
      "taxRate": 0.05,
      "amountHT": 329897.7,
      "amountTTC": 346392.585,
      "invoiceNumber": "90147497",
      "status": "Facturé",
      "extraC228": null,
      "extraC229": null,
      "extraC230": null,
      "extraC231": null,
      "extraNLT5": null,
      "extraNLT6": null,
      "projectId": 2,
      "project": {
        "id": 2,
        "code": "NLT2",
        "label": "NLT2 (auto-import DCRs)",
        "taxProvince": "AB"
      }
    },
    {
      "id": 231,
      "type": "milestone",
      "step": "9.2c",
      "invoiceDate": "2024-07-24T00:00:00.000Z",
      "description": "Trials Conduct",
      "province": "AB",
      "taxRate": 0.05,
      "amountHT": 1484539.67,
      "amountTTC": 1558766.6535,
      "invoiceNumber": "90140786",
      "status": "Facturé",
      "extraC228": null,
      "extraC229": null,
      "extraC230": null,
      "extraC231": null,
      "extraNLT5": null,
      "extraNLT6": null,
      "projectId": 2,
      "project": {
        "id": 2,
        "code": "NLT2",
        "label": "NLT2 (auto-import DCRs)",
        "taxProvince": "AB"
      }
    },
    {
      "id": 230,
      "type": "milestone",
      "step": "9.2d",
      "invoiceDate": "2024-07-24T00:00:00.000Z",
      "description": "Trials Report",
      "province": "AB",
      "taxRate": 0.05,
      "amountHT": 659795.41,
      "amountTTC": 692785.1805,
      "invoiceNumber": "90140787",
      "status": "Facturé",
      "extraC228": null,
      "extraC229": null,
      "extraC230": null,
      "extraC231": null,
      "extraNLT5": null,
      "extraNLT6": null,
      "projectId": 2,
      "project": {
        "id": 2,
        "code": "NLT2",
        "label": "NLT2 (auto-import DCRs)",
        "taxProvince": "AB"
      }
    },
    {
      "id": 246,
      "type": "milestone",
      "step": "9.2e",
      "invoiceDate": "2024-08-30T00:00:00.000Z",
      "description": "Trials",
      "province": "AB",
      "taxRate": 0.05,
      "amountHT": 659795.41,
      "amountTTC": 692785.1805,
      "invoiceNumber": "90142916",
      "status": "Facturé",
      "extraC228": null,
      "extraC229": null,
      "extraC230": null,
      "extraC231": null,
      "extraNLT5": null,
      "extraNLT6": null,
      "projectId": 2,
      "project": {
        "id": 2,
        "code": "NLT2",
        "label": "NLT2 (auto-import DCRs)",
        "taxProvince": "AB"
      }
    },
    {
      "id": 138,
      "type": "milestone",
      "step": "9.3a",
      "invoiceDate": "2023-12-18T00:00:00.000Z",
      "description": "Test and Trials Program Complete and accepted by Canada (applicable for 4)",
      "province": "NS1",
      "taxRate": 0.15,
      "amountHT": 164948.85,
      "amountTTC": 189691.1775,
      "invoiceNumber": "90128997",
      "status": "Facturé",
      "extraC228": null,
      "extraC229": null,
      "extraC230": null,
      "extraC231": null,
      "extraNLT5": null,
      "extraNLT6": null,
      "projectId": 3,
      "project": {
        "id": 3,
        "code": "NLT3",
        "label": "NLT3 (auto-import DCRs)",
        "taxProvince": null
      }
    },
    {
      "id": 139,
      "type": "milestone",
      "step": "9.4a",
      "invoiceDate": "2023-12-18T00:00:00.000Z",
      "description": "Test and Trials Program Complete and accepted by Canada (applicable for 4)",
      "province": "NS1",
      "taxRate": 0.15,
      "amountHT": 164948.85,
      "amountTTC": 189691.1775,
      "invoiceNumber": "90128997",
      "status": "Facturé",
      "extraC228": null,
      "extraC229": null,
      "extraC230": null,
      "extraC231": null,
      "extraNLT5": null,
      "extraNLT6": null,
      "projectId": 4,
      "project": {
        "id": 4,
        "code": "NLT4",
        "label": "NLT4 (auto-import DCRs)",
        "taxProvince": "NS2"
      }
    },
    {
      "id": 399,
      "type": "milestone",
      "step": "9.4a",
      "invoiceDate": "2023-12-18T00:00:00.000Z",
      "description": "Test and Trials Program Complete and accepted by Canada (applicable for 4)",
      "province": "NS1",
      "taxRate": 0.15,
      "amountHT": 164948.85,
      "amountTTC": 189691.1775,
      "invoiceNumber": "90128997",
      "status": "Facturé",
      "extraC228": null,
      "extraC229": null,
      "extraC230": null,
      "extraC231": null,
      "extraNLT5": null,
      "extraNLT6": null,
      "projectId": null,
      "project": null
    },
    {
      "id": 216,
      "type": "milestone",
      "step": "10.1",
      "invoiceDate": "2023-05-24T00:00:00.000Z",
      "description": "CVM Template",
      "province": "AB",
      "taxRate": 0.05,
      "amountHT": 109965.9,
      "amountTTC": 115464.195,
      "invoiceNumber": "90116702",
      "status": "Facturé",
      "extraC228": null,
      "extraC229": null,
      "extraC230": null,
      "extraC231": null,
      "extraNLT5": null,
      "extraNLT6": null,
      "projectId": 2,
      "project": {
        "id": 2,
        "code": "NLT2",
        "label": "NLT2 (auto-import DCRs)",
        "taxProvince": "AB"
      }
    },
    {
      "id": 240,
      "type": "milestone",
      "step": "10.2b1",
      "invoiceDate": "2024-08-05T00:00:00.000Z",
      "description": "Provisional Acceptance",
      "province": "AB",
      "taxRate": 0.05,
      "amountHT": 494846.56,
      "amountTTC": 519588.888,
      "invoiceNumber": "90136438",
      "status": "Facturé",
      "extraC228": null,
      "extraC229": null,
      "extraC230": null,
      "extraC231": null,
      "extraNLT5": null,
      "extraNLT6": null,
      "projectId": 2,
      "project": {
        "id": 2,
        "code": "NLT2",
        "label": "NLT2 (auto-import DCRs)",
        "taxProvince": "AB"
      }
    },
    {
      "id": 242,
      "type": "milestone",
      "step": "10.2b2",
      "invoiceDate": "2024-08-22T00:00:00.000Z",
      "description": "Delivery of all ILS Products & Documents reviewed",
      "province": "AB",
      "taxRate": 0.05,
      "amountHT": 494846.55,
      "amountTTC": 519588.8775,
      "invoiceNumber": "90142506",
      "status": "Facturé",
      "extraC228": null,
      "extraC229": null,
      "extraC230": null,
      "extraC231": null,
      "extraNLT5": null,
      "extraNLT6": null,
      "projectId": 2,
      "project": {
        "id": 2,
        "code": "NLT2",
        "label": "NLT2 (auto-import DCRs)",
        "taxProvince": "AB"
      }
    },
    {
      "id": 248,
      "type": "milestone",
      "step": "11.2",
      "invoiceDate": "2024-09-20T00:00:00.000Z",
      "description": "Livraison et acceptation des navires à leur BFC respective",
      "province": "AB",
      "taxRate": 0.05,
      "amountHT": 3148000.91,
      "amountTTC": 3305400.9555,
      "invoiceNumber": "90144139",
      "status": "Facturé",
      "extraC228": null,
      "extraC229": null,
      "extraC230": null,
      "extraC231": null,
      "extraNLT5": null,
      "extraNLT6": null,
      "projectId": 2,
      "project": {
        "id": 2,
        "code": "NLT2",
        "label": "NLT2 (auto-import DCRs)",
        "taxProvince": "AB"
      }
    },
    {
      "id": 261,
      "type": "milestone",
      "step": "11.2",
      "invoiceDate": "2025-05-22T00:00:00.000Z",
      "description": "Delivery and Final Acceptance of vessels ",
      "province": "AB",
      "taxRate": 0.05,
      "amountHT": 150976.13,
      "amountTTC": 158524.9365,
      "invoiceNumber": "90158978",
      "status": "Facturé",
      "extraC228": null,
      "extraC229": null,
      "extraC230": null,
      "extraC231": null,
      "extraNLT5": null,
      "extraNLT6": null,
      "projectId": 2,
      "project": {
        "id": 2,
        "code": "NLT2",
        "label": "NLT2 (auto-import DCRs)",
        "taxProvince": "AB"
      }
    },
    {
      "id": 280,
      "type": "milestone",
      "step": "12.1b3",
      "invoiceDate": "2025-12-15T00:00:00.000Z",
      "description": "Spares delivered and accepted by Canada",
      "province": "AB",
      "taxRate": 0.05,
      "amountHT": 138124.44,
      "amountTTC": 145030.662,
      "invoiceNumber": null,
      "status": "Facturé",
      "extraC228": null,
      "extraC229": null,
      "extraC230": null,
      "extraC231": null,
      "extraNLT5": null,
      "extraNLT6": null,
      "projectId": 1,
      "project": {
        "id": 1,
        "code": "NLT1",
        "label": "NLT1 (auto-import DCRs)",
        "taxProvince": "AB"
      }
    },
    {
      "id": 238,
      "type": "milestone",
      "step": "12.2b1",
      "invoiceDate": "2024-08-05T00:00:00.000Z",
      "description": "RSPL",
      "province": "AB",
      "taxRate": 0.05,
      "amountHT": 70374.73,
      "amountTTC": 73893.4665,
      "invoiceNumber": "90136435",
      "status": "Facturé",
      "extraC228": null,
      "extraC229": null,
      "extraC230": null,
      "extraC231": null,
      "extraNLT5": null,
      "extraNLT6": null,
      "projectId": 2,
      "project": {
        "id": 2,
        "code": "NLT2",
        "label": "NLT2 (auto-import DCRs)",
        "taxProvince": "AB"
      }
    },
    {
      "id": 237,
      "type": "milestone",
      "step": "12.2b2",
      "invoiceDate": "2024-08-16T00:00:00.000Z",
      "description": "Spares verified by Canada at shipyard before shipping",
      "province": "AB",
      "taxRate": 0.05,
      "amountHT": 140749.44,
      "amountTTC": 147786.912,
      "invoiceNumber": "90142117",
      "status": "Facturé",
      "extraC228": null,
      "extraC229": null,
      "extraC230": null,
      "extraC231": null,
      "extraNLT5": null,
      "extraNLT6": null,
      "projectId": 2,
      "project": {
        "id": 2,
        "code": "NLT2",
        "label": "NLT2 (auto-import DCRs)",
        "taxProvince": "AB"
      }
    },
    {
      "id": 279,
      "type": "milestone",
      "step": "12.2b3",
      "invoiceDate": "2025-12-15T00:00:00.000Z",
      "description": "Spares delivered and accepted by Canada",
      "province": "AB",
      "taxRate": 0.05,
      "amountHT": 138124.44,
      "amountTTC": 145030.662,
      "invoiceNumber": null,
      "status": "Facturé",
      "extraC228": null,
      "extraC229": null,
      "extraC230": null,
      "extraC231": null,
      "extraNLT5": null,
      "extraNLT6": null,
      "projectId": 2,
      "project": {
        "id": 2,
        "code": "NLT2",
        "label": "NLT2 (auto-import DCRs)",
        "taxProvince": "AB"
      }
    },
    {
      "id": 199,
      "type": "milestone",
      "step": "12a",
      "invoiceDate": "2020-06-04T00:00:00.000Z",
      "description": "Propulsion",
      "province": "AB",
      "taxRate": 0.05,
      "amountHT": 87990,
      "amountTTC": 92389.5,
      "invoiceNumber": "90060513",
      "status": "Facturé",
      "extraC228": null,
      "extraC229": null,
      "extraC230": null,
      "extraC231": null,
      "extraNLT5": null,
      "extraNLT6": null,
      "projectId": 2,
      "project": {
        "id": 2,
        "code": "NLT2",
        "label": "NLT2 (auto-import DCRs)",
        "taxProvince": "AB"
      }
    },
    {
      "id": 223,
      "type": "milestone",
      "step": "13.1a",
      "invoiceDate": "2023-05-24T00:00:00.000Z",
      "description": "Livraison de tous les éléments du dossier",
      "province": "AB",
      "taxRate": 0.05,
      "amountHT": 65979.54,
      "amountTTC": 69278.51699999999,
      "invoiceNumber": "90116709",
      "status": "Facturé",
      "extraC228": null,
      "extraC229": null,
      "extraC230": null,
      "extraC231": null,
      "extraNLT5": null,
      "extraNLT6": null,
      "projectId": 1,
      "project": {
        "id": 1,
        "code": "NLT1",
        "label": "NLT1 (auto-import DCRs)",
        "taxProvince": "AB"
      }
    },
    {
      "id": 251,
      "type": "milestone",
      "step": "13.1b",
      "invoiceDate": "2024-09-20T00:00:00.000Z",
      "description": "All Technical Data Package elements ",
      "province": "AB",
      "taxRate": 0.05,
      "amountHT": 593815.87,
      "amountTTC": 623506.6635,
      "invoiceNumber": "90144183",
      "status": "Facturé",
      "extraC228": null,
      "extraC229": null,
      "extraC230": null,
      "extraC231": null,
      "extraNLT5": null,
      "extraNLT6": null,
      "projectId": 1,
      "project": {
        "id": 1,
        "code": "NLT1",
        "label": "NLT1 (auto-import DCRs)",
        "taxProvince": "AB"
      }
    },
    {
      "id": 224,
      "type": "milestone",
      "step": "13.2a",
      "invoiceDate": "2023-05-24T00:00:00.000Z",
      "description": "Livraison de tous les éléments du dossier",
      "province": "AB",
      "taxRate": 0.05,
      "amountHT": 65979.54,
      "amountTTC": 69278.51699999999,
      "invoiceNumber": "90116709",
      "status": "Facturé",
      "extraC228": null,
      "extraC229": null,
      "extraC230": null,
      "extraC231": null,
      "extraNLT5": null,
      "extraNLT6": null,
      "projectId": 2,
      "project": {
        "id": 2,
        "code": "NLT2",
        "label": "NLT2 (auto-import DCRs)",
        "taxProvince": "AB"
      }
    },
    {
      "id": 252,
      "type": "milestone",
      "step": "13.2b",
      "invoiceDate": "2024-09-20T00:00:00.000Z",
      "description": "All Technical Data Package elements ",
      "province": "AB",
      "taxRate": 0.05,
      "amountHT": 593815.87,
      "amountTTC": 623506.6635,
      "invoiceNumber": "90144183",
      "status": "Facturé",
      "extraC228": null,
      "extraC229": null,
      "extraC230": null,
      "extraC231": null,
      "extraNLT5": null,
      "extraNLT6": null,
      "projectId": 2,
      "project": {
        "id": 2,
        "code": "NLT2",
        "label": "NLT2 (auto-import DCRs)",
        "taxProvince": "AB"
      }
    },
    {
      "id": 225,
      "type": "milestone",
      "step": "13.3a",
      "invoiceDate": "2023-05-24T00:00:00.000Z",
      "description": "Livraison de tous les éléments du dossier",
      "province": "NS1",
      "taxRate": 0.15,
      "amountHT": 65979.54,
      "amountTTC": 75876.47099999999,
      "invoiceNumber": "90116710",
      "status": "Facturé",
      "extraC228": null,
      "extraC229": null,
      "extraC230": null,
      "extraC231": null,
      "extraNLT5": null,
      "extraNLT6": null,
      "projectId": 3,
      "project": {
        "id": 3,
        "code": "NLT3",
        "label": "NLT3 (auto-import DCRs)",
        "taxProvince": null
      }
    },
    {
      "id": 198,
      "type": "milestone",
      "step": "13.4a",
      "invoiceDate": "2023-05-24T00:00:00.000Z",
      "description": "Livraison de tous les éléments du dossier",
      "province": "NS1",
      "taxRate": 0.15,
      "amountHT": 65979.54,
      "amountTTC": 75876.47099999999,
      "invoiceNumber": "90116710",
      "status": "Facturé",
      "extraC228": null,
      "extraC229": null,
      "extraC230": null,
      "extraC231": null,
      "extraNLT5": null,
      "extraNLT6": null,
      "projectId": 4,
      "project": {
        "id": 4,
        "code": "NLT4",
        "label": "NLT4 (auto-import DCRs)",
        "taxProvince": "NS2"
      }
    },
    {
      "id": 400,
      "type": "milestone",
      "step": "13.4a",
      "invoiceDate": "2023-05-24T00:00:00.000Z",
      "description": "Livraison de tous les éléments du dossier",
      "province": "NS1",
      "taxRate": 0.15,
      "amountHT": 65979.54,
      "amountTTC": 75876.47099999999,
      "invoiceNumber": "90116710",
      "status": "Facturé",
      "extraC228": null,
      "extraC229": null,
      "extraC230": null,
      "extraC231": null,
      "extraNLT5": null,
      "extraNLT6": null,
      "projectId": null,
      "project": null
    },
    {
      "id": 232,
      "type": "milestone",
      "step": "14.1b1",
      "invoiceDate": "2024-08-15T00:00:00.000Z",
      "description": " Training Plan including course manuals",
      "province": "AB",
      "taxRate": 0.05,
      "amountHT": 196909.92,
      "amountTTC": 206755.416,
      "invoiceNumber": "90142012",
      "status": "Facturé",
      "extraC228": null,
      "extraC229": null,
      "extraC230": null,
      "extraC231": null,
      "extraNLT5": null,
      "extraNLT6": null,
      "projectId": 1,
      "project": {
        "id": 1,
        "code": "NLT1",
        "label": "NLT1 (auto-import DCRs)",
        "taxProvince": "AB"
      }
    },
    {
      "id": 243,
      "type": "milestone",
      "step": "14.1b2",
      "invoiceDate": "2024-08-29T00:00:00.000Z",
      "description": "Training",
      "province": "AB",
      "taxRate": 0.05,
      "amountHT": 459456.49,
      "amountTTC": 482429.3145,
      "invoiceNumber": "90142913",
      "status": "Facturé",
      "extraC228": null,
      "extraC229": null,
      "extraC230": null,
      "extraC231": null,
      "extraNLT5": null,
      "extraNLT6": null,
      "projectId": 1,
      "project": {
        "id": 1,
        "code": "NLT1",
        "label": "NLT1 (auto-import DCRs)",
        "taxProvince": "AB"
      }
    },
    {
      "id": 233,
      "type": "milestone",
      "step": "14.2b1",
      "invoiceDate": "2024-08-15T00:00:00.000Z",
      "description": " Training Plan including course manuals",
      "province": "AB",
      "taxRate": 0.05,
      "amountHT": 196909.92,
      "amountTTC": 206755.416,
      "invoiceNumber": "90142012",
      "status": "Facturé",
      "extraC228": null,
      "extraC229": null,
      "extraC230": null,
      "extraC231": null,
      "extraNLT5": null,
      "extraNLT6": null,
      "projectId": 2,
      "project": {
        "id": 2,
        "code": "NLT2",
        "label": "NLT2 (auto-import DCRs)",
        "taxProvince": "AB"
      }
    },
    {
      "id": 244,
      "type": "milestone",
      "step": "14.2b2",
      "invoiceDate": "2024-08-29T00:00:00.000Z",
      "description": "Training",
      "province": "AB",
      "taxRate": 0.05,
      "amountHT": 459456.49,
      "amountTTC": 482429.3145,
      "invoiceNumber": "90142913",
      "status": "Facturé",
      "extraC228": null,
      "extraC229": null,
      "extraC230": null,
      "extraC231": null,
      "extraNLT5": null,
      "extraNLT6": null,
      "projectId": 2,
      "project": {
        "id": 2,
        "code": "NLT2",
        "label": "NLT2 (auto-import DCRs)",
        "taxProvince": "AB"
      }
    },
    {
      "id": 235,
      "type": "milestone",
      "step": "14.3b1",
      "invoiceDate": "2024-08-15T00:00:00.000Z",
      "description": " Training Plan including course manuals",
      "province": "NS1",
      "taxRate": 0.15,
      "amountHT": 196909.92,
      "amountTTC": 226446.408,
      "invoiceNumber": "90142036",
      "status": "Facturé",
      "extraC228": null,
      "extraC229": null,
      "extraC230": null,
      "extraC231": null,
      "extraNLT5": null,
      "extraNLT6": null,
      "projectId": 4,
      "project": {
        "id": 4,
        "code": "NLT4",
        "label": "NLT4 (auto-import DCRs)",
        "taxProvince": "NS2"
      }
    },
    {
      "id": 401,
      "type": "milestone",
      "step": "14.3b1",
      "invoiceDate": "2024-08-15T00:00:00.000Z",
      "description": " Training Plan including course manuals",
      "province": "NS1",
      "taxRate": 0.15,
      "amountHT": 196909.92,
      "amountTTC": 226446.408,
      "invoiceNumber": "90142036",
      "status": "Facturé",
      "extraC228": null,
      "extraC229": null,
      "extraC230": null,
      "extraC231": null,
      "extraNLT5": null,
      "extraNLT6": null,
      "projectId": null,
      "project": null
    },
    {
      "id": 234,
      "type": "milestone",
      "step": "14.4b1",
      "invoiceDate": "2024-08-08T00:00:00.000Z",
      "description": " Training Plan including course manuals",
      "province": "NS1",
      "taxRate": 0.15,
      "amountHT": 196909.92,
      "amountTTC": 226446.408,
      "invoiceNumber": "90142036",
      "status": "Facturé",
      "extraC228": null,
      "extraC229": null,
      "extraC230": null,
      "extraC231": null,
      "extraNLT5": null,
      "extraNLT6": null,
      "projectId": 3,
      "project": {
        "id": 3,
        "code": "NLT3",
        "label": "NLT3 (auto-import DCRs)",
        "taxProvince": null
      }
    },
    {
      "id": 202,
      "type": "milestone",
      "step": "14a",
      "invoiceDate": "2020-06-04T00:00:00.000Z",
      "description": "Training",
      "province": "AB",
      "taxRate": 0.05,
      "amountHT": 3429,
      "amountTTC": 3600.45,
      "invoiceNumber": "90060521",
      "status": "Facturé",
      "extraC228": null,
      "extraC229": null,
      "extraC230": null,
      "extraC231": null,
      "extraNLT5": null,
      "extraNLT6": null,
      "projectId": 1,
      "project": {
        "id": 1,
        "code": "NLT1",
        "label": "NLT1 (auto-import DCRs)",
        "taxProvince": "AB"
      }
    },
    {
      "id": 203,
      "type": "milestone",
      "step": "14a",
      "invoiceDate": "2020-06-04T00:00:00.000Z",
      "description": "Training",
      "province": "AB",
      "taxRate": 0.05,
      "amountHT": 3429,
      "amountTTC": 3600.45,
      "invoiceNumber": "90060523",
      "status": "Facturé",
      "extraC228": null,
      "extraC229": null,
      "extraC230": null,
      "extraC231": null,
      "extraNLT5": null,
      "extraNLT6": null,
      "projectId": 2,
      "project": {
        "id": 2,
        "code": "NLT2",
        "label": "NLT2 (auto-import DCRs)",
        "taxProvince": "AB"
      }
    },
    {
      "id": 204,
      "type": "milestone",
      "step": "14a",
      "invoiceDate": "2020-06-04T00:00:00.000Z",
      "description": "Training",
      "province": "NS1",
      "taxRate": 0.15,
      "amountHT": 3429,
      "amountTTC": 3943.35,
      "invoiceNumber": "90060527",
      "status": "Facturé",
      "extraC228": null,
      "extraC229": null,
      "extraC230": null,
      "extraC231": null,
      "extraNLT5": null,
      "extraNLT6": null,
      "projectId": 3,
      "project": {
        "id": 3,
        "code": "NLT3",
        "label": "NLT3 (auto-import DCRs)",
        "taxProvince": null
      }
    },
    {
      "id": 205,
      "type": "milestone",
      "step": "14a",
      "invoiceDate": "2020-06-04T00:00:00.000Z",
      "description": "Training",
      "province": "NS1",
      "taxRate": 0.15,
      "amountHT": 3429,
      "amountTTC": 3943.35,
      "invoiceNumber": "90060531",
      "status": "Facturé",
      "extraC228": null,
      "extraC229": null,
      "extraC230": null,
      "extraC231": null,
      "extraNLT5": null,
      "extraNLT6": null,
      "projectId": 4,
      "project": {
        "id": 4,
        "code": "NLT4",
        "label": "NLT4 (auto-import DCRs)",
        "taxProvince": "NS2"
      }
    },
    {
      "id": 402,
      "type": "milestone",
      "step": "14a",
      "invoiceDate": "2020-06-04T00:00:00.000Z",
      "description": "Training",
      "province": "NS1",
      "taxRate": 0.15,
      "amountHT": 3429,
      "amountTTC": 3943.35,
      "invoiceNumber": "90060531",
      "status": "Facturé",
      "extraC228": null,
      "extraC229": null,
      "extraC230": null,
      "extraC231": null,
      "extraNLT5": null,
      "extraNLT6": null,
      "projectId": null,
      "project": null
    },
    {
      "id": 206,
      "type": "milestone",
      "step": "16a",
      "invoiceDate": "2022-09-29T00:00:00.000Z",
      "description": "Deck Crane Upgrade",
      "province": "AB",
      "taxRate": 0.05,
      "amountHT": 109965.9,
      "amountTTC": 115464.195,
      "invoiceNumber": "90102759",
      "status": "Facturé",
      "extraC228": null,
      "extraC229": null,
      "extraC230": null,
      "extraC231": null,
      "extraNLT5": null,
      "extraNLT6": null,
      "projectId": 1,
      "project": {
        "id": 1,
        "code": "NLT1",
        "label": "NLT1 (auto-import DCRs)",
        "taxProvince": "AB"
      }
    },
    {
      "id": 207,
      "type": "milestone",
      "step": "16a",
      "invoiceDate": "2022-09-29T00:00:00.000Z",
      "description": "Deck Crane Upgrade",
      "province": "AB",
      "taxRate": 0.05,
      "amountHT": 109965.9,
      "amountTTC": 115464.195,
      "invoiceNumber": "90102759",
      "status": "Facturé",
      "extraC228": null,
      "extraC229": null,
      "extraC230": null,
      "extraC231": null,
      "extraNLT5": null,
      "extraNLT6": null,
      "projectId": 2,
      "project": {
        "id": 2,
        "code": "NLT2",
        "label": "NLT2 (auto-import DCRs)",
        "taxProvince": "AB"
      }
    },
    {
      "id": 208,
      "type": "milestone",
      "step": "16a",
      "invoiceDate": "2022-09-29T00:00:00.000Z",
      "description": "Deck Crane Upgrade",
      "province": "NS1",
      "taxRate": 0.15,
      "amountHT": 109965.9,
      "amountTTC": 126460.785,
      "invoiceNumber": "90102760",
      "status": "Facturé",
      "extraC228": null,
      "extraC229": null,
      "extraC230": null,
      "extraC231": null,
      "extraNLT5": null,
      "extraNLT6": null,
      "projectId": 3,
      "project": {
        "id": 3,
        "code": "NLT3",
        "label": "NLT3 (auto-import DCRs)",
        "taxProvince": null
      }
    },
    {
      "id": 209,
      "type": "milestone",
      "step": "16a",
      "invoiceDate": "2022-09-29T00:00:00.000Z",
      "description": "Deck Crane Upgrade",
      "province": "NS1",
      "taxRate": 0.15,
      "amountHT": 109965.9,
      "amountTTC": 126460.785,
      "invoiceNumber": "90102760",
      "status": "Facturé",
      "extraC228": null,
      "extraC229": null,
      "extraC230": null,
      "extraC231": null,
      "extraNLT5": null,
      "extraNLT6": null,
      "projectId": 4,
      "project": {
        "id": 4,
        "code": "NLT4",
        "label": "NLT4 (auto-import DCRs)",
        "taxProvince": "NS2"
      }
    },
    {
      "id": 403,
      "type": "milestone",
      "step": "16a",
      "invoiceDate": "2022-09-29T00:00:00.000Z",
      "description": "Deck Crane Upgrade",
      "province": "NS1",
      "taxRate": 0.15,
      "amountHT": 109965.9,
      "amountTTC": 126460.785,
      "invoiceNumber": "90102760",
      "status": "Facturé",
      "extraC228": null,
      "extraC229": null,
      "extraC230": null,
      "extraC231": null,
      "extraNLT5": null,
      "extraNLT6": null,
      "projectId": null,
      "project": null
    },
    {
      "id": 210,
      "type": "milestone",
      "step": "16b",
      "invoiceDate": "2023-04-17T00:00:00.000Z",
      "description": "Deck Crane Upgrade",
      "province": "AB",
      "taxRate": 0.05,
      "amountHT": 109965.9,
      "amountTTC": 115464.195,
      "invoiceNumber": "90114287",
      "status": "Facturé",
      "extraC228": null,
      "extraC229": null,
      "extraC230": null,
      "extraC231": null,
      "extraNLT5": null,
      "extraNLT6": null,
      "projectId": 1,
      "project": {
        "id": 1,
        "code": "NLT1",
        "label": "NLT1 (auto-import DCRs)",
        "taxProvince": "AB"
      }
    },
    {
      "id": 211,
      "type": "milestone",
      "step": "16b",
      "invoiceDate": "2023-04-17T00:00:00.000Z",
      "description": "Deck Crane Upgrade",
      "province": "AB",
      "taxRate": 0.05,
      "amountHT": 109965.9,
      "amountTTC": 115464.195,
      "invoiceNumber": "90114287",
      "status": "Facturé",
      "extraC228": null,
      "extraC229": null,
      "extraC230": null,
      "extraC231": null,
      "extraNLT5": null,
      "extraNLT6": null,
      "projectId": 2,
      "project": {
        "id": 2,
        "code": "NLT2",
        "label": "NLT2 (auto-import DCRs)",
        "taxProvince": "AB"
      }
    },
    {
      "id": 212,
      "type": "milestone",
      "step": "16b",
      "invoiceDate": "2023-04-17T00:00:00.000Z",
      "description": "Deck Crane Upgrade",
      "province": "NS1",
      "taxRate": 0.15,
      "amountHT": 109965.9,
      "amountTTC": 126460.785,
      "invoiceNumber": "90114288",
      "status": "Facturé",
      "extraC228": null,
      "extraC229": null,
      "extraC230": null,
      "extraC231": null,
      "extraNLT5": null,
      "extraNLT6": null,
      "projectId": 3,
      "project": {
        "id": 3,
        "code": "NLT3",
        "label": "NLT3 (auto-import DCRs)",
        "taxProvince": null
      }
    },
    {
      "id": 213,
      "type": "milestone",
      "step": "16b",
      "invoiceDate": "2023-04-17T00:00:00.000Z",
      "description": "Deck Crane Upgrade",
      "province": "NS1",
      "taxRate": 0.15,
      "amountHT": 109965.9,
      "amountTTC": 126460.785,
      "invoiceNumber": "90114288",
      "status": "Facturé",
      "extraC228": null,
      "extraC229": null,
      "extraC230": null,
      "extraC231": null,
      "extraNLT5": null,
      "extraNLT6": null,
      "projectId": 4,
      "project": {
        "id": 4,
        "code": "NLT4",
        "label": "NLT4 (auto-import DCRs)",
        "taxProvince": "NS2"
      }
    },
    {
      "id": 404,
      "type": "milestone",
      "step": "16b",
      "invoiceDate": "2023-04-17T00:00:00.000Z",
      "description": "Deck Crane Upgrade",
      "province": "NS1",
      "taxRate": 0.15,
      "amountHT": 109965.9,
      "amountTTC": 126460.785,
      "invoiceNumber": "90114288",
      "status": "Facturé",
      "extraC228": null,
      "extraC229": null,
      "extraC230": null,
      "extraC231": null,
      "extraNLT5": null,
      "extraNLT6": null,
      "projectId": null,
      "project": null
    },
    {
      "id": 250,
      "type": "milestone",
      "step": "17",
      "invoiceDate": "2024-09-20T00:00:00.000Z",
      "description": "EPA Adjustement",
      "province": "AB",
      "taxRate": 0.05,
      "amountHT": 2000000,
      "amountTTC": 2100000,
      "invoiceNumber": "90142934",
      "status": "Facturé",
      "extraC228": null,
      "extraC229": null,
      "extraC230": null,
      "extraC231": null,
      "extraNLT5": null,
      "extraNLT6": null,
      "projectId": 2,
      "project": {
        "id": 2,
        "code": "NLT2",
        "label": "NLT2 (auto-import DCRs)",
        "taxProvince": "AB"
      }
    },
    {
      "id": 254,
      "type": "milestone",
      "step": "19a",
      "invoiceDate": "2024-11-13T00:00:00.000Z",
      "description": "Final delivery to destination of NLT 1 and all contractual",
      "province": "AB",
      "taxRate": 0.05,
      "amountHT": 3000000,
      "amountTTC": 3150000,
      "invoiceNumber": "90147494",
      "status": "Facturé",
      "extraC228": null,
      "extraC229": null,
      "extraC230": null,
      "extraC231": null,
      "extraNLT5": null,
      "extraNLT6": null,
      "projectId": 1,
      "project": {
        "id": 1,
        "code": "NLT1",
        "label": "NLT1 (auto-import DCRs)",
        "taxProvince": "AB"
      }
    },
    {
      "id": 255,
      "type": "milestone",
      "step": "19b",
      "invoiceDate": "2024-11-13T00:00:00.000Z",
      "description": "Final delivery to destination of NLT 1 and all contractual",
      "province": "NS1",
      "taxRate": 0.15,
      "amountHT": 3000000,
      "amountTTC": 3450000,
      "invoiceNumber": "90147494",
      "status": "Facturé",
      "extraC228": null,
      "extraC229": null,
      "extraC230": null,
      "extraC231": null,
      "extraNLT5": null,
      "extraNLT6": null,
      "projectId": 2,
      "project": {
        "id": 2,
        "code": "NLT2",
        "label": "NLT2 (auto-import DCRs)",
        "taxProvince": "AB"
      }
    },
    {
      "id": 259,
      "type": "milestone",
      "step": "19c",
      "invoiceDate": "2025-05-06T00:00:00.000Z",
      "description": "Upon final delivery to destination ",
      "province": "NS2",
      "taxRate": 0.14,
      "amountHT": 1400000,
      "amountTTC": 1596000,
      "invoiceNumber": "90159401",
      "status": "Facturé",
      "extraC228": null,
      "extraC229": null,
      "extraC230": null,
      "extraC231": null,
      "extraNLT5": null,
      "extraNLT6": null,
      "projectId": 3,
      "project": {
        "id": 3,
        "code": "NLT3",
        "label": "NLT3 (auto-import DCRs)",
        "taxProvince": null
      }
    }
  ],
  "teamMembers": []
}